AdminID,Grade,Subject,ScaleForm,theta,StandardErrorTheta,se,CAP,RawScore,scaledscore,perflevel,GrowthTheta,Information,GrowthThetaSe
4,03,ela,01,-7.83025397057551,4.02429820950706,.82136,1,0,200,1,-6.96824130571004,.0617475441222864,3.56208514077985
4,03,ela,01,-7.49304804830324,3.5001106493798,.82136,1,1,200,1,-6.66976536218494,.0816274918188735,3.0981034421821
4,03,ela,01,-7.15584212603098,3.0399954963836,.82136,1,2,202,1,-6.37128941865984,.108206691797103,2.69083507780904
4,03,ela,01,-6.81863620375871,2.63809821121642,.82136,1,3,202,1,-6.07281347513473,.143687199752292,2.33509793481308
4,03,ela,01,-6.48143028148645,2.28902440212847,.82136,1,4,204,1,-5.77433753160963,.190853072089562,2.02611719738907
4,03,ela,01,-6.14422435921419,1.98780414385953,.82136,1,5,204,1,-5.47586158808453,.253077081071088,1.75949376388038
4,03,ela,01,-5.80701843694192,1.72984152729999,.82136,1,6,206,1,-5.17738564455943,.334185315449826,1.53115959094244
4,03,ela,01,-5.46981251466966,1.51083280225107,.82136,1,7,206,1,-4.87890970103433,.438093882956285,1.337305238063
4,03,ela,01,-5.13260659239739,1.32662590743878,.82136,1,8,206,1,-4.58043375750923,.568202383786784,1.17425553133651
4,03,ela,01,-4.79540067012513,1.17297656327697,.82136,1,9,208,1,-4.28195781398412,.726810730429925,1.03825367033218
4,03,ela,01,-4.45819474785286,1.04513500370791,.82136,1,10,208,1,-3.98348187045902,.915493390498784,.925095426084955
4,03,ela,01,-4.1209888255806,.937209085043163,.82136,1,11,210,1,-3.68500592693392,1.13848423261265,.829565400434143
4,03,ela,01,-3.71066647412835,.821360883643101,.821360883643101,0,12,210,1,-3.32181138345178,1.48228586602244,.727023010355208
4,03,ela,01,-3.35671197502643,.722647246925422,.722647246925422,0,13,212,1,-3.00851053045224,1.91490527292743,.639647184748225
4,03,ela,01,-3.07861908556579,.6397327491629,.6397327491629,0,14,212,1,-2.76235815860163,2.44344648992943,.566255878970396
4,03,ela,01,-2.85036580995289,.568429788783391,.568429788783391,0,15,214,1,-2.56032104329188,3.09489800861801,.503142460819265
4,03,ela,01,-2.65689089786141,.508490545481644,.508490545481644,0,16,214,1,-2.38906780270284,3.86753484548332,.450087573532248
4,03,ela,01,-2.48857371199154,.459338202990015,.459338202990015,0,17,216,1,-2.24008278332516,4.73952551850906,.406580651403483
4,03,ela,01,-2.33895452273875,.419617247212307,.419617247212307,0,18,216,1,-2.10764819148656,5.67928076442529,.371421868682289
4,03,ela,01,-2.20349804839359,.387653106633497,.387653106633497,0,19,216,1,-1.98774964784796,6.65446986264351,.343128987721183
4,03,ela,01,-2.07890911060253,.361856813050944,.361856813050944,0,20,218,1,-1.87747044364718,7.6370650905749,.320295542167738
4,03,ela,01,-1.96276447701961,.340914216107344,.340914216107344,0,21,218,1,-1.77466566827301,8.60418573330796,.301758319154318
4,03,ela,01,-1.85319251666866,.323807374678603,.323807374678603,0,22,220,2,-1.67767865799376,9.53732383026923,.286616293765881
4,03,ela,01,-1.74872962972978,.309790042669525,.309790042669525,0,23,220,2,-1.58521391558255,10.4199369489878,.274208930428603
4,03,ela,01,-1.64819257040652,.298334929714369,.298334929714369,0,24,220,2,-1.49622409761452,11.2354841394603,.26406950101278
4,03,ela,01,-1.55057517936241,.289081117768899,.289081117768899,0,25,222,2,-1.40981860775831,11.9663182627093,.255878540922234
4,03,ela,01,-1.45500274104479,.281793128871579,.281793128871579,0,26,224,2,-1.32522319641553,12.5932899143333,.249427618151157
4,03,ela,01,-1.36066379112703,.27632553559097,.27632553559097,0,27,224,2,-1.24171960045811,13.0965817762147,.244588008418788
4,03,ela,01,-1.26678973911077,.272600130003976,.272600130003976,0,28,226,2,-1.15862750628826,13.4569885463839,.241290486417695
4,03,ela,01,-1.17260801596936,.270589012791983,.270589012791983,0,29,228,2,-1.07526307873602,13.6577665030297,.239510357221433
4,03,ela,01,-1.07731810627532,.270306498284559,.270306498284559,0,30,228,2,-.990917746030428,13.686330622586,.239260291079076
4,03,ela,01,-.980062781636397,.271807242925078,.271807242925078,0,31,230,2,-.904832737235701,13.535613639157,.240588666836983
4,03,ela,01,-.879882658867309,.275191455341749,.275191455341749,0,32,232,2,-.816158859670106,13.2047477719597,.243584183604151
4,03,ela,01,-.775683480769631,.280617364008144,.280617364008144,0,33,232,2,-.723927537670567,12.699040799763,.248386896432473
4,03,ela,01,-.666190695132229,.28832115571758,.28832115571758,0,34,234,2,-.62701060844793,12.0294834698962,.255205864746257
4,03,ela,01,-.549848241826247,.298649688140633,.298649688140633,0,35,236,2,-.524030734047947,11.2118135994339,.264348107680269
4,03,ela,01,-.424691657723228,.312107959295421,.312107959295421,0,36,238,2,-.41324908087649,10.2657412091693,.276260621416901
4,03,ela,01,-.288251290435197,.329412442173781,.329412442173781,0,37,240,3,-.292479649880775,9.21552331917914,.291577588033407
4,03,ela,01,-.137231464883767,.351573266679558,.351573266679558,0,38,242,3,-.158805292625375,8.09036865127324,.311193118386742
4,03,ela,01,.032755828204656,.379955834361749,.379955834361749,0,39,244,3,-.00834198714736763,6.92681780650225,.336315790051349
4,03,ela,01,.227668017931343,.416292843781741,.416292843781741,0,40,246,3,.164183451733401,5.77034938084633,.368479291505975
4,03,ela,01,.455563642865958,.462492104907572,.462492104907572,0,41,250,3,.365903994537748,4.67510482659787,.409372310115421
4,03,ela,01,.727135523387775,.520063710599176,.520063710599176,0,42,254,3,.606284331654688,3.69731880273785,.460331496161929
4,03,ela,01,1.05634739767685,.589626917199847,.589626917199847,0,43,258,3,.897684388142311,2.87637428338441,.521904980947888
4,03,ela,01,1.46271086033394,.673807680594719,.673807680594719,0,44,264,4,1.25737474326238,2.20256171375589,.596417114695827
4,03,ela,01,1.98295576985252,.790952848231684,.790952848231684,0,45,270,4,1.71786662663837,1.59844909996333,.700107507213958
4,03,ela,01,2.71529576010583,1.00526079854804,1.00526079854804,0,46,276,4,2.36609328914499,.989560852322323,.889800995526885
4,03,ela,01,3.95022401919592,1.42043879618491,1.42043879618491,0,47,280,4,3.45918315789326,.495626990453529,1.25729348717854
4,03,ela,01,3.99999999999992,1.43587110492208,1.43587110492208,0,48,280,4,3.50324208999993,.485030543573378,1.27095330928386
4,04,ela,01,-7.13123920921515,2.4742115436726,.5943,1,0,200,1,-8.01340977584603,.163352709480694,2.66916199239052
4,04,ela,01,-6.91730432976471,2.16814513834672,.5943,1,1,200,1,-7.78261833421038,.212727334267522,2.33897970933852
4,04,ela,01,-6.70336945031426,1.90329006869771,.5943,1,2,202,1,-7.55182689257473,.276051452781281,2.05325592504571
4,04,ela,01,-6.48943457086382,1.67518436246227,.5943,1,3,202,1,-7.32103545093908,.356348372307663,1.8071770952512
4,04,ela,01,-6.27549969141338,1.47984060617434,.5943,1,4,202,1,-7.09024400930343,.456635971449789,1.59644162638317
4,04,ela,01,-6.06156481196294,1.31367306146748,.5943,1,5,202,1,-6.85945256766778,.579462601048853,1.41718124913909
4,04,ela,01,-5.8476299325125,1.17341330192193,.5943,1,6,204,1,-6.62866112603213,.726269800374382,1.26587000811032
4,04,ela,01,-5.63369505306205,1.05601326112836,.5943,1,7,204,1,-6.39786968439648,.896729084792963,1.1392196707159
4,04,ela,01,-5.41976017361161,.958540435839312,.5943,1,8,204,1,-6.16707824276083,1.08837641863344,1.03406667310024
4,04,ela,01,-5.20582529416117,.878082134741627,.5943,1,9,204,1,-5.93628680112518,1.29696936395972,.947268824382956
4,04,ela,01,-4.99189041471073,.811693258175245,.5943,1,10,206,1,-5.70549535948953,1.51780550071193,.875648971787223
4,04,ela,01,-4.77795553526029,.756433815015059,.5943,1,11,206,1,-5.47470391785387,1.7476647635761,.816035473587754
4,04,ela,01,-4.56402065580985,.709522426240873,.5943,1,12,206,1,-5.24391247621822,1.98640475449938,.765427797681251
4,04,ela,01,-4.3500857763594,.668561641807557,.5943,1,13,208,1,-5.01312103458257,2.23726324909868,.721239591839472
4,04,ela,01,-4.13615089690896,.631710529252231,.5943,1,14,208,1,-4.78232959294692,2.50590018729682,.681484871083471
4,04,ela,01,-3.90010641303542,.594300000280133,.594300000280133,0,15,208,1,-4.52768646573336,2.83131727703856,.641126655835905
4,04,ela,01,-3.64982712713679,.55715525042808,.55715525042808,0,16,208,1,-4.25768693432237,3.22142144152808,.601055161231695
4,04,ela,01,-3.42875153904475,.525804442706118,.525804442706118,0,17,210,1,-4.01919214648189,3.61702489094146,.567234130602279
4,04,ela,01,-3.23095261136112,.498559211139452,.498559211139452,0,18,210,1,-3.80580805599904,4.02315264786891,.537842166621835
4,04,ela,01,-3.05220119400891,.474416131228333,.474416131228333,0,19,210,1,-3.6129722855482,4.44304901960003,.511796782005146
4,04,ela,01,-2.88923611449434,.452697972765639,.452697972765639,0,20,210,1,-3.43716670520501,4.87958514652699,.488367385573145
4,04,ela,01,-2.73948133670863,.432915263068958,.432915263068958,0,21,212,1,-3.27561230535318,5.33573441387464,.467025937642424
4,04,ela,01,-2.60085280637002,.414714118785538,.414714118785538,0,22,212,1,-3.12606082290737,5.81436589187734,.447390671343728
4,04,ela,01,-2.4716526515199,.397859968434965,.397859968434965,0,23,214,1,-2.98668060555335,6.31741652831146,.429208532615603
4,04,ela,01,-2.35047890504627,.382221542489549,.382221542489549,0,24,214,1,-2.85595922104195,6.84494051656027,.412337908815845
4,04,ela,01,-2.23617801314247,.367750242957098,.367750242957098,0,25,214,1,-2.7326522236487,7.39424886530694,.396726372772657
4,04,ela,01,-2.12775356602432,.354445959042433,.354445959042433,0,26,214,1,-2.61568469351417,7.9597594119988,.38237380496098
4,04,ela,01,-2.02437241518602,.342333763495807,.342333763495807,0,27,216,1,-2.50415783589651,8.53297613126913,.369307253687248
4,04,ela,01,-1.92529878957114,.331436066440362,.331436066440362,0,28,216,1,-2.39727790616057,9.10333380605725,.357550894834518
4,04,ela,01,-1.82988747277842,.321759775012821,.321759775012821,0,29,216,1,-2.29434884939567,9.6590964088645,.347112179773255
4,04,ela,01,-1.73757967563647,.313290820356419,.313290820356419,0,30,216,1,-2.19476784777813,10.1883688682396,.337975931119839
4,04,ela,01,-1.64785439013128,.305990471711146,.305990471711146,0,31,218,1,-2.09797284153087,10.6803182462581,.330100366403073
4,04,ela,01,-1.56025371032479,.299802433945422,.299802433945422,0,32,218,1,-2.003469844952,11.1257601028011,.323424754831384
4,04,ela,01,-1.47436678870292,.294657153252224,.294657153252224,0,33,218,1,-1.91081563863616,11.5177069013749,.317874062247484
4,04,ela,01,-1.38980700958546,.290476653998071,.290476653998071,0,34,218,1,-1.81959314430964,11.8516149574999,.313364169086998
4,04,ela,01,-1.30623557641323,.287181528193282,.287181528193282,0,35,220,2,-1.7294368706299,12.1251465276419,.309809410569772
4,04,ela,01,-1.22332967093646,.284694045820759,.284694045820759,0,36,220,2,-1.63999856354204,12.3379564073248,.307125932100659
4,04,ela,01,-1.14079581720601,.282942740535988,.282942740535988,0,37,220,2,-1.55096162325849,12.4911633728576,.305236636290388
4,04,ela,01,-1.05835807736599,.281865101949289,.281865101949289,0,38,222,2,-1.4620283699632,12.5868594473655,.30407408737071
4,04,ela,01,-.975753406696874,.2814100809658,.2814100809658,0,39,222,2,-1.37291503286485,12.6275965486138,.303583213937525
4,04,ela,01,-.89272910072479,.281540103014878,.281540103014878,0,40,224,2,-1.28334899615631,12.615935781044,.303723480808585
4,04,ela,01,-.809035629901607,.282232594972041,.282232594972041,0,41,226,2,-1.19306106911798,12.554102270211,.304470536256136
4,04,ela,01,-.724418983123133,.28348110857299,.28348110857299,0,42,226,2,-1.10177722635918,12.4437636892847,.305817423938056
4,04,ela,01,-.638623828025014,.285295654185298,.285295654185298,0,43,228,2,-1.00922201712301,12.2859767044472,.307774942968398
4,04,ela,01,-.551373444917756,.287702666490248,.287702666490248,0,44,230,2,-.915096918156849,12.0812598626329,.310371610895205
4,04,ela,01,-.46237424190569,.290743758698319,.290743758698319,0,45,232,2,-.819085204590821,11.8298489326331,.313652319756942
4,04,ela,01,-.371308041612845,.294473733564765,.294473733564765,0,46,232,2,-.720843628912016,11.5320595032661,.317676190380111
4,04,ela,01,-.277817514539669,.298958200451219,.298958200451219,0,47,234,2,-.619986706572275,11.1886852975385,.322514001682086
4,04,ela,01,-.181512513836807,.304269663176826,.304269663176826,0,48,236,2,-.516093549897538,10.8014657411739,.328243970272462
4,04,ela,01,-.0819512418443562,.310484261125352,.310484261125352,0,49,238,2,-.408687550682998,10.3733927183372,.334948234782347
4,04,ela,01,.0213544788769011,.317677028357976,.317677028357976,0,50,240,3,-.297242066544485,9.90896688147776,.342707741428628
4,04,ela,01,.128954233202243,.325918239247925,.325918239247925,0,51,240,3,-.181164209188177,9.41418371476911,.351598301710339
4,04,ela,01,.241460404707928,.335269140022544,.335269140022544,0,52,242,3,-.059793343523797,8.89637004404088,.361685987626306
4,04,ela,01,.359550751647933,.34577816040684,.34577816040684,0,53,244,3,.0676016912809481,8.36382391727886,.373023044822871
4,04,ela,01,.483991434597862,.357480149378479,.357480149378479,0,54,246,3,.201847423860482,7.82521247339823,.385647068131772
4,04,ela,01,.615613510557107,.370393416228462,.370393416228462,0,55,248,3,.343840392654279,7.28909286141969,.399577809487221
4,04,ela,01,.755352966546827,.384525654429124,.384525654429124,0,56,250,3,.49459033387048,6.76315529965443,.414823568553006
4,04,ela,01,.904239096349011,.399878539931136,.399878539931136,0,57,252,3,.655207642393836,6.25379735666647,.431386153332909
4,04,ela,01,1.06340364212477,.416456057582388,.416456057582388,0,58,254,3,.826913233699156,5.76582733783487,.449269862652778
4,04,ela,01,1.23408453929769,.434268323448898,.434268323448898,0,59,256,3,1.01104258380511,5.30253685675231,.468485609653406
4,04,ela,01,1.41762009807767,.453318706154742,.453318706154742,0,60,258,3,1.20903945234308,4.86623097596388,.489037028382725
4,04,ela,01,1.61545611907205,.473561215590757,.473561215590757,0,61,260,4,1.42246355882839,4.4591054895861,.51087450503479
4,04,ela,01,1.82913542277748,.494820457373487,.494820457373487,0,62,264,4,1.65297928714983,4.08417842924336,.533808825383677
4,04,ela,01,2.06037388021599,.516733243372371,.516733243372371,0,63,266,4,1.90243770688452,3.74513257095568,.557448184631347
4,04,ela,01,2.3112308123834,.538883626703339,.538883626703339,0,64,270,4,2.17306039902307,3.44357878345397,.581343862207947
4,04,ela,01,2.58465563646361,.561442992697558,.561442992697558,0,65,274,4,2.4680291740566,3.17240531156566,.605680747402014
4,04,ela,01,2.88574676918978,.586439191345908,.586439191345908,0,66,278,4,2.79284416805893,2.90772966742532,.632646470505619
4,04,ela,01,3.22430621236526,.619261277984687,.619261277984687,0,67,280,4,3.1580797115596,2.60766711743927,.668054706471222
4,04,ela,01,3.61952512473778,.669974947020711,.669974947020711,0,68,280,4,3.58443909149071,2.22783423748632,.722764255552341
4,04,ela,01,3.99999999999992,.733675342635966,.733675342635966,0,69,280,4,3.99489270799991,1.8577708874471,.791483793827593
4,04,ela,01,3.99999999999992,.733675342635966,.733675342635966,0,70,280,4,3.99489270799991,1.8577708874471,.791483793827593
4,04,ela,01,3.99999999999992,.733675342635966,.733675342635966,0,71,280,4,3.99489270799991,1.8577708874471,.791483793827593
4,04,ela,01,3.99999999999992,.733675342635966,.733675342635966,0,72,280,4,3.99489270799991,1.8577708874471,.791483793827593
4,05,ela,01,-7.28290668069033,4.47213595499958,.66016,1,0,200,1,-7.28290668069033,.0478345938638973,4.47213595499958
4,05,ela,01,-6.96725239799275,3.87021315338145,.66016,1,1,200,1,-6.96725239799275,.0667621371788515,3.87021315338145
4,05,ela,01,-6.65159811529517,3.25103491511149,.66016,1,2,202,1,-6.65159811529517,.0946142895371737,3.2510349151115
4,05,ela,01,-6.33594383259759,2.71212416354762,.66016,1,3,202,1,-6.33594383259759,.135950517128315,2.71212416354762
4,05,ela,01,-6.0202895499,2.24986113542737,.66016,1,4,204,1,-6.0202895499,.19755524871186,2.24986113542737
4,05,ela,01,-5.70463526720242,1.85948669273244,.66016,1,5,204,1,-5.70463526720242,.289210363008326,1.85948669273244
4,05,ela,01,-5.38898098450484,1.5352574591372,.66016,1,6,206,1,-5.38898098450484,.424265353577196,1.5352574591372
4,05,ela,01,-5.07332670180726,1.27076108966261,.66016,1,7,206,1,-5.07332670180726,.619258794818641,1.27076108966261
4,05,ela,01,-4.75767241910968,1.059266685695,.66016,1,8,208,1,-4.75767241910968,.891229128700752,1.059266685695
4,05,ela,01,-4.4420181364121,.893995952891286,.66016,1,9,208,1,-4.4420181364121,1.25120621943452,.893995952891285
4,05,ela,01,-4.12636385371452,.76823332407603,.66016,1,10,208,1,-4.12636385371452,1.69439131334659,.76823332407603
4,05,ela,01,-3.74852358655562,.660161528673764,.660161528673764,0,11,210,1,-3.74852358655562,2.2945608328866,.660161528673764
4,05,ela,01,-3.41277611802919,.593551034284206,.593551034284206,0,12,210,1,-3.41277611802919,2.83846711974719,.593551034284205
4,05,ela,01,-3.13817720629932,.552597056675748,.552597056675748,0,13,212,1,-3.13817720629932,3.27478554877571,.552597056675748
4,05,ela,01,-2.90175706643675,.52240417486177,.52240417486177,0,14,212,1,-2.90175706643675,3.66426371453392,.52240417486177
4,05,ela,01,-2.69224920430215,.496810210773745,.496810210773745,0,15,214,1,-2.69224920430215,4.05152920354016,.496810210773746
4,05,ela,01,-2.50322593717906,.473405573314381,.473405573314381,0,16,214,1,-2.50322593717906,4.46203802547505,.473405573314381
4,05,ela,01,-2.33051180630125,.451521051660906,.451521051660906,0,17,216,1,-2.33051180630125,4.90505625728694,.451521051660906
4,05,ela,01,-2.17111552963749,.431165007970896,.431165007970896,0,18,216,1,-2.17111552963749,5.37914169957727,.431165007970896
4,05,ela,01,-2.02271209342044,.412485987473869,.412485987473869,0,19,218,1,-2.02271209342044,5.877350629099,.412485987473869
4,05,ela,01,-1.88342785208397,.395579480437105,.395579480437105,0,20,218,1,-1.88342785208397,6.39046541158206,.395579480437105
4,05,ela,01,-1.75171634839599,.380461133813018,.380461133813018,0,21,218,1,-1.75171634839599,6.90843068292265,.380461133813018
4,05,ela,01,-1.62628324663595,.367094689772389,.367094689772389,0,22,220,2,-1.62628324663595,7.42068156331439,.367094689772389
4,05,ela,01,-1.50601300365124,.355420097162661,.355420097162661,0,23,220,2,-1.50601300365124,7.91618686699235,.35542009716266
4,05,ela,01,-1.38993861830071,.345373263719514,.345373263719514,0,24,222,2,-1.38993861830071,8.38344599007897,.345373263719514
4,05,ela,01,-1.2772132965816,.336893839218226,.336893839218226,0,25,224,2,-1.2772132965816,8.8107699473071,.336893839218226
4,05,ela,01,-1.16705602906773,.329924350271959,.329924350271959,0,26,226,2,-1.16705602906773,9.18694803400902,.329924350271959
4,05,ela,01,-1.05875633861673,.324410962045379,.324410962045379,0,27,228,2,-1.05875633861673,9.50186724229519,.324410962045379
4,05,ela,01,-.951647052519785,.320300435375845,.320300435375845,0,28,230,2,-.951647052519785,9.74731367160131,.320300435375845
4,05,ela,01,-.845088992087915,.317538279477558,.317538279477558,0,29,230,2,-.845088992087915,9.91762825255041,.317538279477558
4,05,ela,01,-.73846432229684,.316067815512105,.316067815512105,0,30,232,2,-.73846432229684,10.0101238385858,.316067815512105
4,05,ela,01,-.631166234048829,.315829896801825,.315829896801825,0,31,234,2,-.631166234048829,10.0252110283727,.315829896801825
4,05,ela,01,-.522590365166713,.316763803825756,.316763803825756,0,32,236,2,-.522590365166713,9.9661839987831,.316763803825756
4,05,ela,01,-.412130259840132,.318809356330953,.318809356330953,0,33,238,2,-.412130259840132,9.83870373177395,.318809356330953
4,05,ela,01,-.299164365008989,.321910649745352,.321910649745352,0,34,240,3,-.299164365008989,9.65004438105659,.321910649745352
4,05,ela,01,-.183041955422308,.326022004752322,.326022004752322,0,35,240,3,-.183041955422308,9.40819202065106,.326022004752322
4,05,ela,01,-.0630793029125375,.331116103276609,.331116103276609,0,36,242,3,-.0630793029125375,9.12093572132268,.331116103276609
4,05,ela,01,.0614751413214784,.337196658573599,.337196658573599,0,37,244,3,.0614751413214784,8.79495203465876,.337196658573599
4,05,ela,01,.191471197156148,.344315665476956,.344315665476956,0,38,246,3,.191471197156148,8.43502618525585,.344315665476956
4,05,ela,01,.327898233986764,.352596342231209,.352596342231209,0,39,248,3,.327898233986764,8.04348756241341,.35259634223121
4,05,ela,01,.471957319093073,.362262973263335,.362262973263335,0,40,250,3,.471957319093073,7.61994971673173,.362262973263335
4,05,ela,01,.625169845464635,.373676100125509,.373676100125509,0,41,252,3,.625169845464635,7.16158838957307,.373676100125509
4,05,ela,01,.789508655422632,.387364141680187,.387364141680187,0,42,254,3,.789508655422632,6.66440173598693,.387364141680187
4,05,ela,01,.96763818248993,.404037049075273,.404037049075273,0,43,258,3,.96763818248993,6.12572672999557,.404037049075273
4,05,ela,01,1.16312651734591,.424517998467294,.424517998467294,0,44,260,4,1.16312651734591,5.54891131927006,.424517998467294
4,05,ela,01,1.38074312611643,.449486312642207,.449486312642207,0,45,262,4,1.38074312611643,4.94956528462664,.449486312642207
4,05,ela,01,1.62656771749088,.478838057012687,.478838057012687,0,46,266,4,1.62656771749088,4.36136747223557,.478838057012687
4,05,ela,01,1.90756974854425,.510775619749109,.510775619749109,0,47,268,4,1.90756974854425,3.83300760703511,.510775619749109
4,05,ela,01,2.2309244439472,.542465425661992,.542465425661992,0,48,272,4,2.2309244439472,3.3982542850633,.542465425661992
4,05,ela,01,2.60599772726638,.576471382329851,.576471382329851,0,49,276,4,2.60599772726638,3.00915455852048,.576471382329851
4,05,ela,01,3.05953720907382,.635165855989994,.635165855989994,0,50,280,4,3.05953720907382,2.478709959748,.635165855989995
4,05,ela,01,3.70681975257297,.810222341753018,.810222341753018,0,51,280,4,3.70681975257297,1.52332149669057,.810222341753018
4,05,ela,01,3.99999999999992,.942401215234393,.942401215234393,0,52,280,4,3.99999999999992,1.12597390348846,.942401215234393
4,06,ela,01,-6.68226015406809,3.39677244213406,.71226,1,0,200,1,-7.73300982786175,.0866696600591459,3.97061410912577
4,06,ela,01,-6.35062852421354,2.84684098159539,.71226,1,1,200,1,-7.34535323591602,.123388186680244,3.3277786959607
4,06,ela,01,-6.01899689435899,2.38277148792626,.71226,1,2,202,1,-6.95769664397029,.176130760602732,2.78531054109665
4,06,ela,01,-5.68736526450444,1.99331632582353,.71226,1,3,202,1,-6.57004005202456,.25167933192821,2.33006186375357
4,06,ela,01,-5.35573363464989,1.66856842631865,.71226,1,4,204,1,-6.18238346007883,.359179843863018,1.95045192118323
4,06,ela,01,-5.02410200479533,1.39977716813551,.71226,1,5,204,1,-5.79472686813311,.510366534312344,1.63625178551529
4,06,ela,01,-4.69247037494078,1.17914621485006,.71226,1,6,206,1,-5.40707027618738,.719224838803976,1.37834802806643
4,06,ela,01,-4.36083874508623,.999612402312965,.71226,1,7,206,1,-5.01941368424165,1.000775646303,1.1684842525946
4,06,ela,01,-4.02920711523168,.854627000637985,.71226,1,8,208,1,-4.63175709229592,1.36913660192084,.999005404271674
4,06,ela,01,-3.61348943768199,.712257361393461,.712257361393461,0,9,208,1,-4.14580918026719,1.97117919634979,.832584218300117
4,06,ela,01,-3.28918968343339,.624988740703208,.624988740703208,0,10,210,1,-3.76672309141617,2.56009223865182,.73057266983767
4,06,ela,01,-3.02489487062415,.565921061947696,.565921061947696,0,11,210,1,-3.4577790185981,3.12239818018266,.661526255143905
4,06,ela,01,-2.79927782516213,.522633701676066,.522633701676066,0,12,212,1,-3.19404683187323,3.66104592704047,.610926043805237
4,06,ela,01,-2.60075672021411,.489318969235844,.489318969235844,0,13,212,1,-2.96198810150664,4.17653279168782,.5719832094169
4,06,ela,01,-2.42224658393305,.462785639010773,.462785639010773,0,14,214,1,-2.75332093942432,4.66917608820475,.540967409227596
4,06,ela,01,-2.25906550942653,.441050545138315,.441050545138315,0,15,214,1,-2.56257248988414,5.14071199629492,.515560446629026
4,06,ela,01,-2.10796217810412,.422774784928863,.422774784928863,0,16,216,1,-2.38594216521401,5.59476494978448,.494197228286069
4,06,ela,01,-1.96656055174937,.407015031058986,.407015031058986,0,17,216,1,-2.22065252564523,6.03641519957171,.475775063675958
4,06,ela,01,-1.83307378775938,.393114514696619,.393114514696619,0,18,218,1,-2.06461486415643,6.47085758163213,.459526231193711
4,06,ela,01,-1.70611483420555,.380645378350846,.380645378350846,0,19,218,1,-1.91620780396963,6.90174449865308,.444950592246277
4,06,ela,01,-1.58456466406377,.369366872901147,.369366872901147,0,20,218,1,-1.77412327262305,7.32966481281309,.431766726199516
4,06,ela,01,-1.46749059618758,.35918394195297,.35918394195297,0,21,220,2,-1.63727102430761,7.75115060237634,.419863518085379
4,06,ela,01,-1.35409035933332,.350101203388527,.350101203388527,0,22,220,2,-1.50471325421783,8.15854649513146,.409246365918772
4,06,ela,01,-1.24364325671471,.342176100958193,.342176100958193,0,23,222,2,-1.3756075129766,8.54084132469833,.39998241784388
4,06,ela,01,-1.13549175045949,.335480579683986,.335480579683986,0,24,224,2,-1.24918518001914,8.88515954297994,.392155773082651
4,06,ela,01,-1.02901824559574,.330073562064398,.330073562064398,0,25,226,2,-1.12472432552796,9.17864387820146,.385835308343147
4,06,ela,01,-.923639870552824,.325987053499814,.325987053499814,0,26,228,2,-1.00154360916556,9.41020955919653,.38105843593264
4,06,ela,01,-.818792941055126,.323222277747592,.323222277747592,0,27,230,2,-.878984119339826,9.57188400745806,.377826586346789
4,06,ela,01,-.713935135097769,.321753863561961,.321753863561961,0,28,232,2,-.756411915614375,9.65945133730374,.376110102189303
4,06,ela,01,-.608537197906847,.32153752491396,.32153752491396,0,29,234,2,-.633208332326912,9.67245396055452,.375857215867733
4,06,ela,01,-.502075524155993,.322519338024404,.322519338024404,0,30,236,2,-.508761307665258,9.61365384342805,.377004893863614
4,06,ela,01,-.394027572953733,.324644476352515,.324644476352515,0,31,238,2,-.382460024074916,9.48820291644798,.379489047386757
4,06,ela,01,-.283863072064589,.327863950168332,.327863950168332,0,32,240,3,-.253684626544778,9.30277818794965,.383252410513023
4,06,ela,01,-.171033135064985,.332138579096998,.332138579096998,0,33,242,3,-.121793501244393,9.06486526126365,.388249183839639
4,06,ela,01,-.0549527421594556,.337440212576203,.337440212576203,0,34,242,3,.0138972033039475,8.78226076278629,.394446461123459
4,06,ela,01,.0649923104663752,.343749343113507,.343749343113507,0,35,244,3,.154105452867096,8.46284226133477,.401821439328357
4,06,ela,01,.189472383885976,.351053369972167,.351053369972167,0,36,246,3,.299614857528408,8.11434945283833,.410359388982767
4,06,ela,01,.31923012626155,.359347091736212,.359347091736212,0,37,248,3,.45129352644774,7.74411388776283,.420054229957393
4,06,ela,01,.45508134510006,.368638727901683,.368638727901683,0,38,248,3,.610095087474072,7.35864890659883,.430915570327989
4,06,ela,01,.597939566563873,.378968007169883,.378968007169883,0,39,250,3,.777087395440531,6.9629760930308,.442989850456584
4,06,ela,01,.748875674988487,.390438624770127,.390438624770127,0,40,252,3,.953522247022989,6.55985819349046,.456398283567664
4,06,ela,01,.90916447317887,.403253392232681,.403253392232681,0,41,254,3,1.14088980680856,6.14955855495343,.471377943629913
4,06,ela,01,1.08038149640179,.417731971639818,.417731971639818,0,42,256,3,1.34103177678532,5.73065902151576,.488302495584285
4,06,ela,01,1.26452997861941,.434265311387897,.434265311387897,0,43,258,3,1.55628981191233,5.30261041372056,.507628933605387
4,06,ela,01,1.46413763005119,.453148723579759,.453148723579759,0,44,260,4,1.78961864702457,4.86988244653501,.529702459034232
4,06,ela,01,1.68236140986437,.47430058712822,.47430058712822,0,45,264,4,2.04470856954189,4.44521402063659,.554427661935094
4,06,ela,01,1.92301551392964,.497111000149093,.497111000149093,0,46,266,4,2.32601813540149,4.04662772983057,.581091605227911
4,06,ela,01,2.1908674202911,.521215440763705,.521215440763705,0,47,270,4,2.63912022765907,3.68099691945929,.609268185681099
4,06,ela,01,2.49333234944612,.549204532256566,.549204532256566,0,48,274,4,2.99268277436418,3.31536825617821,.641985679559889
4,06,ela,01,2.84616608792987,.591432294950745,.591432294950745,0,49,278,4,3.40512330256129,2.85884052232279,.691347287735497
4,06,ela,01,3.29124582734267,.676497724351826,.676497724351826,0,50,280,4,3.92539362478758,2.18507988924939,.7907834436549
4,06,ela,01,3.97738421097658,.914266685739637,.914266685739637,0,51,280,4,4.72744639496312,1.19633885952048,1.06872045853644
4,06,ela,01,3.99999999999992,.924781588186554,.924781588186554,0,52,280,4,4.7538828349999,1.16928842550263,1.08101172052795
4,07,ela,01,-7.13619923632988,3.03357857091659,.56117,1,0,200,1,-7.8707905356563,.108664954962845,3.42775735049752
4,07,ela,01,-6.90648574393189,2.57283144501145,.56117,1,1,200,1,-7.61122840674867,.151069687191252,2.90714141436082
4,07,ela,01,-6.6767722515339,2.17137501740702,.56117,1,2,202,1,-7.35166627784105,.212094949216453,2.45352032347549
4,07,ela,01,-6.44705875913592,1.82812236306816,.56117,1,3,202,1,-7.09210414893342,.299219213701883,2.06566591935095
4,07,ela,01,-6.21734526673793,1.54064237365404,.56117,1,4,202,1,-6.8325420200258,.421304718414892,1.74083119897071
4,07,ela,01,-5.98763177433994,1.30535221269396,.56117,1,5,204,1,-6.57297989111817,.586873609536964,1.47496777731324
4,07,ela,01,-5.75791828194195,1.11772254929827,.56117,1,6,204,1,-6.31341776221055,.800445882160908,1.26295778883233
4,07,ela,01,-5.52820478954396,.972343702714475,.56117,1,7,204,1,-6.05385563330293,1.0576948463335,1.09868862674042
4,07,ela,01,-5.29849129714597,.86279219232862,.56117,1,8,204,1,-5.7942935043953,1.34334507435412,.974902152711577
4,07,ela,01,-5.06877780474799,.781516078166093,.56117,1,9,206,1,-5.53473137548768,1.63728455716236,.883065138694069
4,07,ela,01,-4.83906431235,.720372219007836,.56117,1,10,206,1,-5.27516924658005,1.9270194049688,.813976335563391
4,07,ela,01,-4.60935081995201,.672219204134801,.56117,1,11,206,1,-5.01560711767243,2.21298346667643,.759566388096697
4,07,ela,01,-4.37963732755402,.632316580356234,.56117,1,12,208,1,-4.7560449887648,2.50109887158653,.714478875522466
4,07,ela,01,-4.14992383515603,.597642061248625,.56117,1,13,208,1,-4.49648285985718,2.79973992251121,.675298799922788
4,07,ela,01,-3.89258140814891,.56116535450504,.56116535450504,0,14,208,1,-4.20570173283267,3.17554520163199,.634082363051503
4,07,ela,01,-3.61666177049462,.519715025573227,.519715025573227,0,15,210,1,-3.89392949947649,3.70228164626342,.587246038771421
4,07,ela,01,-3.38143482437187,.480261645696719,.480261645696719,0,16,210,1,-3.62813750670021,4.33554991465246,.542666144197333
4,07,ela,01,-3.17842801429186,.444066714118527,.444066714118527,0,17,210,1,-3.39875228749933,5.07111615164422,.501768095945886
4,07,ela,01,-3.00098624052314,.412528406580359,.412528406580359,0,18,212,1,-3.19825398817977,5.87614198920791,.466131746677522
4,07,ela,01,-2.84374981585979,.385977921936691,.385977921936691,0,19,212,1,-3.02058649158913,6.71235740506906,.436131330743312
4,07,ela,01,-2.70244404429483,.363984240046674,.363984240046674,0,20,212,1,-2.86091965394952,7.54805125267366,.411279821873301
4,07,ela,01,-2.57376983929176,.345836959605168,.345836959605168,0,21,214,1,-2.71552571022668,8.36098012444007,.390774510251813
4,07,ela,01,-2.45518095854234,.330813848441495,.330813848441495,0,22,214,1,-2.58152756309667,9.13761039416544,.373799317912206
4,07,ela,01,-2.34472817224674,.318288308589837,.318288308589837,0,23,216,1,-2.45672270267953,9.87094261885697,.359646227661935
4,07,ela,01,-2.24090206472783,.307747000849477,.307747000849477,0,24,216,1,-2.33940558202426,10.5587459738905,.347735197752478
4,07,ela,01,-2.14254100464506,.298779547179061,.298779547179061,0,25,216,1,-2.22826362910639,11.2020696999957,.337602526217707
4,07,ela,01,-2.04870833601614,.291055993176157,.291055993176157,0,26,216,1,-2.12223848023003,11.8044812675561,.328875384860885
4,07,ela,01,-1.95867453014767,.284314727260125,.284314727260125,0,27,218,1,-2.02050581280627,12.3708997432741,.321258168673748
4,07,ela,01,-1.87184632089977,.27834846715442,.27834846715442,0,28,218,1,-1.92239527255739,12.9069114929034,.314516661422749
4,07,ela,01,-1.78774170942175,.272997144378192,.272997144378192,0,29,218,1,-1.82736223040434,13.4178765397971,.308469995561855
4,07,ela,01,-1.70596580971428,.268142274312528,.268142274312528,0,30,218,1,-1.73496048943637,13.9081518194969,.302984290753405
4,07,ela,01,-1.62618610119619,.263701769737829,.263701769737829,0,31,220,2,-1.64481432183248,14.3804975082962,.297966793484084
4,07,ela,01,-1.54812072115125,.259625182454815,.259625182454815,0,32,220,2,-1.55660524004575,14.8356428783239,.293360500389103
4,07,ela,01,-1.47152486944979,.255888122925159,.255888122925159,0,33,222,2,-1.47005663497437,15.2721345968661,.289137852789059
4,07,ela,01,-1.39617696452133,.252486181700789,.252486181700789,0,34,222,2,-1.38491813306139,15.6864536552947,.285293868278622
4,07,ela,01,-1.32186820209573,.249428968449259,.249428968449259,0,35,224,2,-1.30095379831408,16.0733432305152,.281839405191549
4,07,ela,01,-1.24840484377402,.246735042735703,.246735042735703,0,36,224,2,-1.21794471824816,16.4262462908611,.278795434695823
4,07,ela,01,-1.1755952977741,.244426925365266,.244426925365266,0,37,226,2,-1.13567440592451,16.7379362850906,.276187403917199
4,07,ela,01,-1.10324754658718,.242527563393109,.242527563393109,0,38,228,2,-1.05392589335905,17.0011301825709,.27404124161775
4,07,ela,01,-1.03117025292738,.241057844601014,.241057844601014,0,39,228,2,-.972482981177707,17.209072409041,.27238054970719
4,07,ela,01,-.959168419746494,.240034819307325,.240034819307325,0,40,230,2,-.891125334699966,17.3560746916393,.271224593997386
4,07,ela,01,-.887041789704332,.239470749129708,.239470749129708,0,41,232,2,-.809626675438625,17.4379349967439,.27058722936274
4,07,ela,01,-.814586198109189,.239372700858315,.239372700858315,0,42,232,2,-.727756309839407,17.4522232555137,.270476440841819
4,07,ela,01,-.741592587477121,.239742449640399,.239742449640399,0,43,234,2,-.645278015793498,17.3984325129863,.270894234241923
4,07,ela,01,-.667843017216708,.240576713695677,.240576713695677,0,44,236,2,-.561945533826571,17.2779743064016,.271836901353021
4,07,ela,01,-.59311524378216,.241867585858585,.241867585858585,0,45,236,2,-.477507742390304,17.0940378146033,.273295507563977
4,07,ela,01,-.517178981782082,.243603297860857,.243603297860857,0,46,238,2,-.391704433145069,16.8513101998436,.275256755454892
4,07,ela,01,-.439795156280438,.245769450644745,.245769450644745,0,47,240,3,-.304265466105975,16.5555724649339,.277704374975434
4,07,ela,01,-.360704551845366,.24835130859796,.24835130859796,0,48,240,3,-.214897943765621,16.21313857279,.280621715789322
4,07,ela,01,-.279640291910933,.251336452872835,.251336452872835,0,49,242,3,-.123300312005935,15.8302960494754,.28399474536192
4,07,ela,01,-.196302699233097,.254720104711909,.254720104711909,0,50,242,3,-.0291339539584125,15.4125163679186,.287818063990982
4,07,ela,01,-.110375937106741,.258510829491385,.258510829491385,0,51,244,3,.0679580064433494,14.9638214531468,.292101350025217
4,07,ela,01,-.0214748524433193,.262741208796857,.262741208796857,0,52,244,3,.168410768519056,14.4858376224331,.29688141865398
4,07,ela,01,.0708282982405223,.267477021907476,.267477021907476,0,53,244,3,.272707656117065,13.9774208536818,.302232596420113
4,07,ela,01,.16706434399076,.272831416550579,.272831416550579,0,54,246,3,.38144847343617,13.4341825132183,.308282733301788
4,07,ela,01,.267869414320417,.278975359545234,.278975359545234,0,55,248,3,.495352007731475,12.8489697908146,.315225011297443
4,07,ela,01,.374055834732029,.28614712511252,.28614712511252,0,56,248,3,.615336136897758,12.2129681941615,.32332866563328
4,07,ela,01,.486633863161763,.294647139149669,.294647139149669,0,57,250,3,.742542390315464,11.5184898138339,.332933159109895
4,07,ela,01,.606880602005392,.304810032639939,.304810032639939,0,58,250,3,.878413815204936,10.7632018530224,.344416604172955
4,07,ela,01,.736359941352342,.316921368689428,.316921368689428,0,59,252,3,1.02471751125523,9.95627661974552,.358101669582499
4,07,ela,01,.876887620073621,.331036202658331,.331036202658331,0,60,254,3,1.18350515180072,9.12533920557743,.374050564512007
4,07,ela,01,1.03035178760698,.346663949323172,.346663949323172,0,61,256,3,1.35691022966607,8.32113636695106,.39170895780885
4,07,ela,01,1.19832174178522,.362437952400622,.362437952400622,0,62,258,3,1.54670595495801,7.61259391768672,.409532611863463
4,07,ela,01,1.38145525555826,.37631117455526,.37631117455526,0,63,260,4,1.75363557068519,7.06164319725796,.425208500291589
4,07,ela,01,1.57941316574157,.387075422553129,.387075422553129,0,64,262,4,1.97731584329305,6.67434738350914,.437371438990792
4,07,ela,01,1.79206140255321,.39658477834143,.39658477834143,0,65,264,4,2.21759528216751,6.35810824928364,.448116426615093
4,07,ela,01,2.02216922932346,.410365467309202,.410365467309202,0,66,268,4,2.47760298468119,5.93824874183666,.463687758228874
4,07,ela,01,2.2787316700925,.436507856933568,.436507856933568,0,67,270,4,2.76750277519228,5.24826637630295,.493227051871568
4,07,ela,01,2.5805535847235,.485120139585183,.485120139585183,0,68,274,4,3.1085429896559,4.24914342884832,.548155943702839
4,07,ela,01,2.95896987927477,.56583767730949,.56583767730949,0,69,280,4,3.53613014616862,3.12331851206229,.63936180067359
4,07,ela,01,3.45076914222946,.67663444938872,.67663444938872,0,70,280,4,4.09183308880012,2.18419691633966,.764555343885898
4,07,ela,01,3.99999999999992,.810521156685348,.810521156685348,0,71,280,4,4.71243020399991,1.52219849749802,.915839094855717
4,07,ela,01,3.99999999999992,.810521156685348,.810521156685348,0,72,280,4,4.71243020399991,1.52219849749802,.915839094855717
4,08,ela,01,-6.77718853997446,4.47213595499958,.69401,1,0,200,1,-7.92771103093888,.0462898275088308,5.59342951817804
4,08,ela,01,-6.44648494352957,3.87725593491181,.69401,1,1,200,1,-7.51409049776735,.0665198193546885,4.84939590703226
4,08,ela,01,-6.11578134708468,3.20972531304201,.69401,1,2,202,1,-7.10046996459583,.0970653590796339,4.01449609132335
4,08,ela,01,-5.78507775063979,2.63768119740695,.69401,1,3,202,1,-6.6868494314243,.143732636845447,3.29902400498927
4,08,ela,01,-5.4543741541949,2.15289850113235,.69401,1,4,204,1,-6.27322889825277,.215751035703056,2.69269229447566
4,08,ela,01,-5.12367055775001,1.7466002301443,.69401,1,5,204,1,-5.85960836508125,.327803037783671,2.18452331996392
4,08,ela,01,-4.79296696130512,1.40989831739117,.69401,1,6,206,1,-5.44598783190972,.503065362031176,1.76340051945627
4,08,ela,01,-4.46226336486023,1.13438277180618,.69401,1,7,206,1,-5.03236729873819,.777106883204396,1.41880527438793
4,08,ela,01,-4.13155976841535,.912556921279334,.69401,1,8,208,1,-4.61874676556667,1.20082597434923,1.14136128057448
4,08,ela,01,-3.70208355659899,.694006699766004,.694006699766004,0,9,208,1,-4.08158847147605,2.07621667108891,.868014210512717
4,08,ela,01,-3.35191860216031,.565717226838852,.565717226838852,0,10,210,1,-3.64362705614851,3.12464866506809,.70755886390367
4,08,ela,01,-3.09298454136577,.494963889057671,.494963889057671,0,11,210,1,-3.31977075269899,4.0818117284545,.619065622187158
4,08,ela,01,-2.8835501557851,.449919241888214,.449919241888214,0,12,212,1,-3.05782512174857,4.9400445510357,.562726981848668
4,08,ela,01,-2.70493812146783,.418199646293899,.418199646293899,0,13,212,1,-2.83442989514882,5.71784894181364,.52305436811617
4,08,ela,01,-2.54732753901835,.393980668205074,.393980668205074,0,14,214,1,-2.637301790565,6.442436922888,.492762993188113
4,08,ela,01,-2.404985373901,.374255378610503,.374255378610503,0,15,214,1,-2.45927033623083,7.13943590381028,.468092004161149
4,08,ela,01,-2.27426883325135,.357429489639819,.357429489639819,0,16,216,1,-2.2957793859688,7.82743082036502,.447047379179881
4,08,ela,01,-2.15271023262981,.342679233459928,.342679233459928,0,17,216,1,-2.14374253562555,8.51577986885719,.428598808039047
4,08,ela,01,-2.03852824715047,.329601444385629,.329601444385629,0,18,218,1,-2.00093183075189,9.20495749832934,.412242039779596
4,08,ela,01,-1.93036411607333,.318009291840166,.318009291840166,0,19,218,1,-1.86564783007239,9.88827146191738,.397743400006686
4,08,ela,01,-1.827137071331,.30781460146175,.30781460146175,0,20,218,1,-1.73653878577097,10.5541087714235,.384992606501052
4,08,ela,01,-1.72793499603191,.298962737522038,.298962737522038,0,21,220,2,-1.61246388692489,11.1883457002175,.373921324780306
4,08,ela,01,-1.63199104548895,.291406476512772,.291406476512772,0,22,220,2,-1.49246401875057,11.7761031338976,.364470491039655
4,08,ela,01,-1.53862749626444,.285093563129434,.285093563129434,0,23,222,2,-1.37569153298336,12.3034009211495,.356574748061496
4,08,ela,01,-1.44724157403824,.279966281915186,.279966281915186,0,24,224,2,-1.26139252238317,12.7581745787516,.350161909458118
4,08,ela,01,-1.35728162675661,.275963277731174,.275963277731174,0,25,226,2,-1.14887701980409,13.1309881920156,.345155236586464
4,08,ela,01,-1.26824130873959,.273022984717696,.273022984717696,0,26,228,2,-1.03751172408951,13.4153367823642,.34147772724883
4,08,ela,01,-1.17964566906315,.271086043422586,.271086043422586,0,27,230,2,-.926702600410231,13.6077299531394,.339055138865099
4,08,ela,01,-1.0910419994728,.270097337640552,.270097337640552,0,28,232,2,-.815883433485864,13.7075359417685,.337818536006494
4,08,ela,01,-1.00199223177772,.270007467754881,.270007467754881,0,29,232,2,-.704506318786174,13.7166623538004,.337706133146571
4,08,ela,01,-.912067004582244,.270773770693551,.270773770693551,0,30,234,2,-.592034241620965,13.6391345699602,.338664570349767
4,08,ela,01,-.820837880023809,.272361073235495,.272361073235495,0,31,236,2,-.477931342389509,13.4806218502396,.34064985545329
4,08,ela,01,-.727866663634663,.274742548597366,.274742548597366,0,32,238,2,1.86564783,13.2479339697335,.343628435424906
4,08,ela,01,-.632706984880935,.27790053898462,.27790053898462,0,33,240,3,-.24263060181229,12.9485524954971,.347578225151321
4,08,ela,01,-.534888104670593,.281828420869023,.281828420869023,0,34,242,3,-.120285704986876,12.5901361193652,.352490940394599
4,08,ela,01,-.433911953369461,.286533315619153,.286533315619153,0,35,242,3,.00600808192010494,12.1800690258006,.358375488055963
4,08,ela,01,-.329240279241069,.292040679198741,.292040679198741,0,36,244,3,.136923965891016,11.7250121219277,.365263706643989
4,08,ela,01,-.220272683213094,.298401039788541,.298401039788541,0,37,244,3,.273212883374928,11.2305062988342,.37321879321274
4,08,ela,01,-.106336359977713,.305696584537739,.305696584537739,0,38,246,3,.415716331389516,10.7008635678331,.382343541601869
4,08,ela,01,.0133289258471242,.31404511420964,.31404511420964,0,39,248,3,.565385158269785,10.1394854787477,.392785288626129
4,08,ela,01,.139625577133349,.323598335855859,.323598335855859,0,40,248,3,.723348025333713,9.54964969639882,.40473377867369
4,08,ela,01,.273638021959809,.334522722446959,.334522722446959,0,41,250,3,.890961258079361,8.93611511876496,.418397224293749
4,08,ela,01,.416631873212801,.34695073145988,.34695073145988,0,42,252,3,1.06980779507301,8.30738590156049,.433941293875834
4,08,ela,01,.570125411874685,.360911568995798,.360911568995798,0,43,254,3,1.26178659416143,7.67712112812041,.451402516333661
4,08,ela,01,.735924390851432,.376268831558855,.376268831558855,0,44,256,3,1.46915616262358,7.06323263508473,.470610287877945
4,08,ela,01,.916154341676933,.392782938555353,.392782938555353,0,45,258,3,1.6945749640981,6.48178721933492,.491264958145135
4,08,ela,01,1.11360320759985,.410536837329803,.410536837329803,0,46,260,4,1.94152995967451,5.93329218095884,.513470271773121
4,08,ela,01,1.33257137931362,.430922954590618,.430922954590618,0,47,262,4,2.21539977211527,5.38518642335564,.538967777035724
4,08,ela,01,1.58115658432006,.458342438226992,.458342438226992,0,48,264,4,2.52631246293159,4.76014145409541,.573262116628294
4,08,ela,01,1.87715147687015,.503705142452103,.503705142452103,0,49,268,4,2.89652181834457,3.94137021775502,.629998560106372
4,08,ela,01,2.26703695521495,.597534483855061,.597534483855061,0,50,272,4,3.38416283937497,2.80074811816848,.747353625595332
4,08,ela,01,2.93027067435009,.885857453983651,.885857453983651,0,51,280,4,4.21368839481213,1.27430184609088,1.10796748620105
4,08,ela,01,3.99999999999992,1.82835560338824,1.82835560338824,0,52,280,4,5.5516297379999,.299142876764416,2.28677712498545
4,10,ela,01,-7.12286262479419,2.09784154318878,.48385,1,0,200,1,-12.354932580212,.227224228309896,3.38336098530421
4,10,ela,01,-6.94443334604577,1.83753581979823,.48385,1,1,200,1,-12.0671650592029,.296161344211617,2.96354461183671
4,10,ela,01,-6.76600406729734,1.60948854273769,.48385,1,2,202,1,-11.7793975381938,.386032812591149,2.5957540785066
4,10,ela,01,-6.58757478854892,1.41245952228502,.48385,1,3,202,1,-11.4916300171846,.50124260495511,2.27798922970919
4,10,ela,01,-6.40914550980049,1.24474286554915,.48385,1,4,204,1,-11.2038624961755,.645417458037559,2.00749883217267
4,10,ela,01,-6.23071623105207,1.10424556382745,.48385,1,5,204,1,-10.9160949751664,.820103515523591,1.78090731922971
4,10,ela,01,-6.05228695230365,.988524637779863,.48385,1,6,204,1,-10.6283274541573,1.02335190865151,1.59427469788427
4,10,ela,01,-5.87385767355522,.89477987100333,.48385,1,7,206,1,-10.3405599331481,1.24901481216237,1.4430848296514
4,10,ela,01,-5.6954283948068,.819839477166569,.48385,1,8,206,1,-10.052792412139,1.4877924362007,1.32222231477088
4,10,ela,01,-5.51699911605837,.760230724601244,.48385,1,9,208,1,-9.76502489112989,1.73025122295085,1.22608639427346
4,10,ela,01,-5.33856983730995,.71244346983293,.48385,1,10,208,1,-9.47725737012077,1.97014948610897,1.14901597210414
4,10,ela,01,-5.16014055856152,.673368919770351,.48385,1,11,208,1,-9.18948984911165,2.20543298569227,1.08599724286346
4,10,ela,01,-4.9817112798131,.640641449332833,.48385,1,12,210,1,-8.90172232810252,2.4365197275771,1.03321496910904
4,10,ela,01,-4.80328200106467,.612548308349448,.48385,1,13,210,1,-8.6139548070934,2.66513559912867,.987906858271766
4,10,ela,01,-4.62485272231625,.587561815186662,.48385,1,14,212,1,-8.32618728608427,2.89662898623278,.947609092980094
4,10,ela,01,-4.44642344356782,.563988132943072,.48385,1,15,212,1,-8.03841976507515,3.1438373418413,.909589883644728
4,10,ela,01,-4.2679941648194,.540135466556737,.48385,1,16,212,1,-7.75065224406602,3.42763532492176,.871120733718211
4,10,ela,01,-4.08956488607098,.514895110824547,.48385,1,17,214,1,-7.4628847230569,3.77191992112295,.830413543455555
4,10,ela,01,-3.88226355547809,.483853206357501,.483853206357501,0,18,214,1,-7.1285528778292,4.27142468654171,.780349720082269
4,10,ela,01,-3.66815597346391,.4516428316851,.4516428316851,0,19,216,1,-6.78324403312805,4.90241143578057,.728401409046832
4,10,ela,01,-3.47910256168632,.425210044249741,.425210044249741,0,20,216,1,-6.47834210208198,5.53086388237893,.685771086450734
4,10,ela,01,-3.30986461400286,.404387159262697,.404387159262697,0,21,216,1,-6.20539819395686,6.11512426216472,.652188313292589
4,10,ela,01,-3.15611200918133,.388149836279134,.388149836279134,0,22,218,1,-5.95742876736644,6.63744882035221,.626001051787192
4,10,ela,01,-3.01447652820455,.375319789488132,.375319789488132,0,23,218,1,-5.72900161945934,7.09899829507849,.605308983840859
4,10,ela,01,-2.88244851883091,.364880874396766,.364880874396766,0,24,220,2,-5.51606922838697,7.51100065847726,.588473289951726
4,10,ela,01,-2.75815646646706,.356062407427419,.356062407427419,0,25,220,2,-5.31561324918464,7.88765219547529,.574251025552798
4,10,ela,01,-2.64018903662051,.348331796228208,.348331796228208,0,26,222,2,-5.12535750705039,8.24164229745793,.561783235309591
4,10,ela,01,-2.52747751384117,.341354584718937,.341354584718937,0,27,224,2,-4.94357839699129,8.58200018512121,.55053051449122
4,10,ela,01,-2.41917178984633,.334941602534401,.334941602534401,0,28,226,2,-4.76890487970921,8.91377797077368,.540187772546264
4,10,ela,01,-2.31461443542807,.329000976629231,.329000976629231,0,29,226,2,-4.60027666524091,9.23858854843009,.530606838285001
4,10,ela,01,-2.21325764179291,.323491986657395,.323491986657395,0,30,228,2,-4.43681025744946,9.55592969450366,.521722038668147
4,10,ela,01,-2.11466312779975,.318393033763928,.318393033763928,0,31,230,2,-4.27779880441929,9.86445022695502,.513498539452168
4,10,ela,01,-2.01846386914359,.313678150166002,.313678150166002,0,32,232,2,-4.12265037597426,10.1632232050741,.505894460265509
4,10,ela,01,-1.92436451419117,.30930590690041,.30930590690041,0,33,234,2,-3.97088863432985,10.4525817327657,.498842985223892
4,10,ela,01,-1.832115463464,.305215712927667,.305215712927667,0,34,234,2,-3.8221110299512,10.7346088494069,.492246394192202
4,10,ela,01,-1.74152200644668,.301332410738563,.301332410738563,0,35,236,2,-3.6760035372326,11.0130676724424,.485983474495803
4,10,ela,01,-1.65242730813782,.29757417189416,.29757417189416,0,36,238,2,-3.53231321551389,11.2930053169441,.479922254704969
4,10,ela,01,-1.56470562663636,.293863417662758,.293863417662758,0,37,238,2,-3.39083727052608,11.5800104055165,.473937617241124
4,10,ela,01,-1.47825399811756,.290138248574211,.290138248574211,0,38,240,3,-3.25140964407061,11.8792775613283,.467929731755792
4,10,ela,01,-1.39298738267259,.286362734415906,.286362734415906,0,39,242,3,-3.11389318531704,12.1945842500394,.461840650650431
4,10,ela,01,-1.30881871810045,.282533547768397,.282533547768397,0,40,242,3,-2.97814748191863,12.527371427367,.455665007523002
4,10,ela,01,-1.22566007419665,.278683248709974,.278683248709974,0,41,244,3,-2.84403072162831,12.8759200319837,.449455314680223
4,10,ela,01,-1.14340179071794,.274877778921511,.274877778921511,0,42,244,3,-2.71136604638458,13.2349021289743,.443317921675093
4,10,ela,01,-1.06191453219125,.271210629246921,.271210629246921,0,43,246,3,-2.57994486627031,13.5952308791395,.43740360885363
4,10,ela,01,-.981038781894756,.267793403258051,.267793403258051,0,44,246,3,-2.44950991559504,13.9444134460437,.431892368442623
4,10,ela,01,-.900580600431593,.26474558165786,.26474558165786,0,45,248,3,-2.31974841239914,14.2673251288559,.426976896763775
4,10,ela,01,-.820308755460126,.262185261438095,.262185261438095,0,46,248,3,-2.1902874293346,14.5473353698388,.422847658514318
4,10,ela,01,-.739952599673253,.260222386972165,.260222386972165,0,47,250,3,-2.06069047130836,14.7676260839399,.419681969995735
4,10,ela,01,-.659199296011619,.258955253458027,.258955253458027,0,48,250,3,-1.93045300035624,14.9125031336466,.417638359929557
4,10,ela,01,-.577691616268756,.258470389116065,.258470389116065,0,49,252,3,-1.79899888527303,14.9685043098429,.416856379468217
4,10,ela,01,-.495023956714518,.258845248044279,.258845248044279,0,50,252,3,-1.66567397568188,14.9251810149247,.417460945183313
4,10,ela,01,-.410737887009184,.260152859487236,.260152859487236,0,51,254,3,-1.52973892340324,14.7755206202944,.419569837322665
4,10,ela,01,-.324296996155682,.262467923211794,.262467923211794,0,52,254,3,-1.39032861446059,14.5160190749117,.423303530322307
4,10,ela,01,-.235101567282115,.265871917568774,.265871917568774,0,53,256,3,-1.24647583630481,14.1466974081286,.428793430996165
4,10,ela,01,-.142445670634649,.270457618303235,.270457618303235,0,54,256,3,-1.09704207816744,13.6710402364623,.436189166391734
4,10,ela,01,-.0455000738803635,.276329527813454,.276329527813454,0,55,258,3,-.940689969105417,13.0962033578028,.445659276091209
4,10,ela,01,.0566980229606765,.283595853820698,.283595853820698,0,56,258,3,-.775866722684845,12.4336960252823,.45737827555484
4,10,ela,01,.165286056678784,.292349220364753,.292349220364753,0,57,260,4,-.60073790137535,11.7002763630996,.471495547162592
4,10,ela,01,.281566594449245,.302623435066477,.302623435066477,0,58,260,4,-.413202748341454,10.9193022294021,.488065615235329
4,10,ela,01,.407012375866091,.314325605768832,.314325605768832,0,59,262,4,-.21088605574149,10.1213974128343,.506938664978416
4,10,ela,01,.543150675473797,.327144656853882,.327144656853882,0,60,262,4,.00867533725020098,9.34373121737595,.527612999248609
4,10,ela,01,.691432347705408,.340509844495816,.340509844495816,0,61,264,4,.247821342482567,8.62463362588597,.549168132702707
4,10,ela,01,.853038732967817,.353738615981084,.353738615981084,0,62,264,4,.508457204446559,7.99162423844574,.570503256640968
4,10,ela,01,1.02881290619089,.366524210166821,.366524210166821,0,63,266,4,.791942619175777,7.44379950143657,.591123632227676
4,10,ela,01,1.21973219088407,.379655748583558,.379655748583558,0,64,268,4,1.09985379639045,6.93777226202689,.612301940427579
4,10,ela,01,1.42808041196298,.395540610612029,.395540610612029,0,65,268,4,1.43587404770285,6.39172145695899,.637920759264761
4,10,ela,01,1.65948796528884,.418499301064719,.418499301064719,0,66,270,4,1.8090839739575,5.70966366025828,.674948120937291
4,10,ela,01,1.92654847084618,.455934819324866,.455934819324866,0,67,272,4,2.23979433821356,4.8105471946242,.735323449263329
4,10,ela,01,2.25725340884515,.523252493333973,.523252493333973,0,68,274,4,2.7731492946477,3.65239203555714,.843892179157789
4,10,ela,01,2.72041568447276,.659107043265508,.659107043265508,0,69,278,4,3.52012905501664,2.30190870285253,1.06299594579202
4,10,ela,01,3.45049225025441,.874955045040461,.874955045040461,0,70,280,4,4.69758336607765,1.30625666888175,1.41111170807747
4,10,ela,01,3.99999999999992,.941942338698308,.941942338698308,0,71,280,4,5.58381954899987,1.12707122937975,1.51914760650313
4,10,ela,01,3.99999999999992,.941942338698308,.941942338698308,0,72,280,4,5.58381954899987,1.12707122937975,1.51914760650313
