Grade,Subject,theta,StandardErrorTheta,se,CAP,RawScore,scaledscore,perflevel,GrowthTheta,Information,GrowthThetaSe
03,mat,-8.9970323350171,4.47213595499958,1.04838,1,0,200,1,-8.35431665236182,.0269091943015542,4.2785369972058
03,mat,-8.40097757641806,4.47213595499958,1.04838,1,1,202,1,-7.78406512989289,.0378863236470817,4.2785369972058
03,mat,-7.80492281781903,4.33071091035596,1.04838,1,2,202,1,-7.21381360742396,.0533189528873437,4.14323424882609
03,mat,-7.20886805921999,3.6496283430887,1.04838,1,3,204,1,-6.64356208495503,.0750762753785789,3.49163577518237
03,mat,-6.61281330062095,3.0706599202864,1.04838,1,4,204,1,-6.0733105624861,.106056321349272,2.93773092029883
03,mat,-6.01675854202192,2.57166917341638,1.04838,1,5,206,1,-5.50305904001717,.151206270610228,2.46034150431741
03,mat,-5.42070378342288,2.13279849249771,1.04838,1,6,206,1,-4.93280751754824,.219836777762968,2.04046955404715
03,mat,-4.82464902482385,1.73983381668487,1.04838,1,7,208,1,-4.36255599507931,.33035772317128,1.66451633594773
03,mat,-4.22859426622481,1.38889049453781,1.04838,1,8,208,1,-3.79230447261038,.518398801391583,1.32876536530697
03,mat,-3.54989103245311,1.04837663790139,1.04837663790139,0,9,210,1,-3.1429823310129,.909840638540114,1.00299236816644
03,mat,-3.02659902554724,.83509018890816,.83509018890816,0,10,210,1,-2.64234365758754,1.43394745405997,.798939098721448
03,mat,-2.64445189671097,.706130779884636,.706130779884636,0,11,212,1,-2.27673969439092,2.00553254912819,.675562348059807
03,mat,-2.34349038428302,.618620434446839,.618620434446839,0,12,214,1,-1.98880681877732,2.61307260389721,.591840329238957
03,mat,-2.09444150609822,.554287437433776,.554287437433776,0,13,214,1,-1.75053927723824,3.25484212866256,.530292310432908
03,mat,-1.88098547295435,.504455841198876,.504455841198876,0,14,216,1,-1.54632376494778,3.92964835864568,.482617926141775
03,mat,-1.69314560031219,.464655082331753,.464655082331753,0,15,216,1,-1.36661548846942,4.63168074507276,.444540143837443
03,mat,-1.52432800057449,.432369065168915,.432369065168915,0,16,218,1,-1.20510600988352,5.34922385139395,.413651789745883
03,mat,-1.36993212208469,.406041124197913,.406041124197913,0,17,218,1,-1.05739393561256,6.06540712295733,.388463586471617
03,mat,-1.22660459094051,.384612895325119,.384612895325119,0,18,218,1,-.9202710594547,6.76008750438092,.36796298654814
03,mat,-1.09174722970437,.367300986922372,.367300986922372,0,19,220,2,-.79125167918534,7.41234814956752,.35140051140456
03,mat,-.963319377178918,.353506186636045,.353506186636045,0,20,222,2,-.66838347391811,8.00213663514152,.338202888615805
03,mat,-.839625263138011,.342756954071414,.342756954071414,0,21,224,2,-.55004408339288,8.51191837707449,.327918990791113
03,mat,-.719229084188279,.334685382293967,.334685382293967,0,22,226,2,-.434859860206918,8.9274311787005,.32019683770299
03,mat,-.600849561709337,.329008737433347,.329008737433347,0,23,228,2,-.321604992346409,9.23815270571686,.314765935042482
03,mat,-.483309089930402,.325520830882602,.325520830882602,0,24,232,2,-.209152852645024,9.43718414209844,.311429020116299
03,mat,-.365474962120116,.324086815774719,.324086815774719,0,25,234,2,-.0964197692945123,9.52088396843669,.310057083584099
03,mat,-.246209393027118,.324643105236688,.324643105236688,0,26,236,2,.0176827881840302,9.48828306262971,.310589291251339
03,mat,-.12431350885854,.32720217985417,.32720217985417,0,27,240,3,.134301794285428,9.3404462013128,.31303758341859
03,mat,.001530771267604,.331862385667574,.331862385667574,0,28,242,3,.254698270113606,9.07996006061125,.317496048721943
03,mat,.132846277805667,.338822867985175,.338822867985175,0,29,244,3,.38032912272707,8.71073038232907,.324155211460713
03,mat,.271441025846675,.348400938070801,.348400938070801,0,30,246,3,.512924098165809,8.23837143490737,.333318646480476
03,mat,.419561134850963,.361053482552483,.361053482552483,0,31,250,3,.654632081282136,7.67108726608476,.345423461767486
03,mat,.58006831532414,.37739962883611,.37739962883611,0,32,252,3,.80819089901082,7.0209691147836,.361061982675611
03,mat,.756723728594311,.398256415035841,.398256415035841,0,33,256,3,.977198891844343,6.30484537241293,.381015877703913
03,mat,.954612471121429,.424725073161143,.424725073161143,0,34,258,3,1.16652102219825,5.54350189525328,.406338706480819
03,mat,1.18100512550338,.458486534465841,.458486534465841,0,35,262,4,1.38311312883712,4.75714982559238,.438638632673894
03,mat,1.44719233475384,.502764512546094,.502764512546094,0,36,264,4,1.63777708235307,3.95613195488433,.4809998151791
03,mat,1.7733106702897,.565420156930573,.565420156930573,0,37,268,4,1.9497777411205,3.12793288805821,.540943094023982
03,mat,2.20445821182598,.670088828827647,.670088828827647,0,38,272,4,2.36226088704433,2.22707705957624,.641080654613879
03,mat,2.88923126312357,.919142815795298,.919142815795298,0,39,278,4,3.01739008350601,1.18367917235327,.879353083776379
03,mat,3.99999999999992,1.67604260421932,1.67604260421932,0,40,280,4,4.08007359399992,.355983519112057,1.60348664781283
04,mat,-9.06040307700762,4.47213595499958,.95299,1,0,200,1,-6.25684428469944,.0105553435292982,3.02245274204802
04,mat,-8.46984468029281,4.47213595499958,.95299,1,1,200,1,-5.85772071970704,.0153848281139879,3.02245274204802
04,mat,-7.87928628357801,4.47213595499958,.95299,1,2,202,1,-5.45859715471463,.0226321340446579,3.02245274204802
04,mat,-7.2887278868632,4.47213595499958,.95299,1,3,202,1,-5.05947358972223,.0337287093505311,3.02245274204802
04,mat,-6.69816949014839,4.41754924540418,.95299,1,4,204,1,-4.66035002472982,.051243313083388,2.98556080679467
04,mat,-6.10761109343359,3.53118779063106,.95299,1,5,204,1,-4.26122645973742,.0801970459852228,2.38652141345294
04,mat,-5.51705269671878,2.75798031181787,.95299,1,6,204,1,-3.86210289474501,.131467279746451,1.86395611400171
04,mat,-4.92649430000397,2.0794604219789,.95299,1,7,206,1,-3.46297932975261,.231259020657981,1.40538456738197
04,mat,-4.33593590328917,1.49513541632566,.95299,1,8,206,1,-3.0638557647602,.447341244794517,1.0104737835071
04,mat,-3.63049323280351,.952990736203434,.952990736203434,0,9,208,1,-2.5870886997108,1.10108955275647,.644070192133659
04,mat,-3.10130260837531,.677920440019952,.677920440019952,0,10,208,1,-2.22943999001962,2.17591809052026,.458166413867195
04,mat,-2.75970370800413,.555292199465657,.555292199465657,0,11,210,1,-1.99857345476744,3.24307397104213,.375289223717933
04,mat,-2.5019885160684,.48572710414569,.48572710414569,0,12,212,1,-1.82439896714642,4.23853060513292,.328274281592658
04,mat,-2.29138064511077,.440722247114561,.440722247114561,0,13,212,1,-1.68206153745332,5.14837357537936,.297858154956985
04,mat,-2.11076439973036,.409131524928604,.409131524928604,0,14,214,1,-1.55999367735211,5.9741223236167,.276507850347511
04,mat,-1.95082729273973,.385708951897071,.385708951897071,0,15,214,1,-1.45190162638514,6.72172225141026,.26067791565918
04,mat,-1.80596489268951,.367668729971553,.367668729971553,0,16,214,1,-1.35399768011491,7.39752787200364,.248485594411661
04,mat,-1.67253643881022,.353397158101194,.353397158101194,0,17,216,1,-1.26382126321867,8.00707496470616,.238840281306928
04,mat,-1.54806616219011,.341894649154201,.341894649154201,0,18,216,1,-1.17969914961134,8.55490896007942,.231066414399237
04,mat,-1.43077742093694,.332498289177908,.332498289177908,0,19,216,1,-1.10043061189711,9.04526239573635,.224715969273822
04,mat,-1.31935922886231,.324739688523398,.324739688523398,0,20,218,1,-1.02512963188699,9.48263993788919,.219472389011808
04,mat,-1.21281291780773,.318266434884763,.318266434884763,0,21,218,1,-.953121268715021,9.87229947891895,.215097498935358
04,mat,-1.11035184778831,.31279930053942,.31279930053942,0,22,218,1,-.883873878843708,10.2204131835928,.211402585507077
04,mat,-1.01136946903603,.308111304043132,.308111304043132,0,23,220,2,-.816977531084023,10.53379193439,.208234245365477
04,mat,-.915364032584256,.304014659358347,.304014659358347,0,24,220,2,-.752093122923131,10.8195936182965,.205465565011097
04,mat,-.821922600703107,.300356567693883,.300356567693883,0,25,220,2,-.688941574121414,11.0847457039101,.202993276759314
04,mat,-.73070458287726,.297017149147223,.297017149147223,0,26,222,2,-.627292699651554,11.3354025952964,.200736360859448
04,mat,-.641414419275098,.293907522803101,.293907522803101,0,27,224,2,-.566946748067599,11.5765351650234,.198634747946712
04,mat,-.553786436625475,.290967766303322,.290967766303322,0,28,224,2,-.507724166485882,11.8116410322124,.19664794003588
04,mat,-.467575757942343,.288163888305031,.288163888305031,0,29,226,2,-.44945945700442,12.0426173986103,.194752964384519
04,mat,-.382554426058361,.28548382754586,.28548382754586,0,30,228,2,-.391998556828066,12.2697857235765,.192941669497261
04,mat,-.298497235185783,.282932452133895,.282932452133895,0,31,228,2,-.335189262656753,12.4920718331423,.191217345441042
04,mat,-.215181763391898,.280527007659284,.280527007659284,0,32,230,2,-.278881252633727,12.707222712531,.189591647492391
04,mat,-.132378708796536,.278292930966019,.278292930966019,0,33,232,2,-.222919555151807,12.9120634181665,.188081766912853
04,mat,-.0498535017144218,.276261217221136,.276261217221136,0,34,232,2,-.167145638405253,13.1026807057395,.186708651506464
04,mat,.032641794598809,.274467119665274,.274467119665274,0,35,234,2,-.111391936582024,13.2745360278281,.185496126857889
04,mat,.115372598191735,.272950824222194,.272950824222194,0,36,234,2,-.0554790692883244,13.4224309929483,.184471352261184
04,mat,.198626880010427,.27176006084936,.27176006084936,0,37,236,2,.000787586041962357,13.5403140633823,.183666585577531
04,mat,.282728554753877,.270954611241098,.270954611241098,0,38,238,2,.0576269442361156,13.6209345810119,.183122229725748
04,mat,.36804225423521,.27061293486588,.27061293486588,0,39,238,2,.115285438415691,13.6553519276979,.18289131082982
04,mat,.454998914398741,.270840542467477,.270840542467477,0,40,240,3,.174054312751182,13.6324103407089,.183045137374111
04,mat,.544108682045192,.271780409337425,.271780409337425,0,41,242,3,.234278345355823,13.5382865838789,.183680337919626
04,mat,.636002677229559,.273625682549204,.273625682549204,0,42,244,3,.296384073025446,13.3563036556395,.184927449173597
04,mat,.731471177126265,.276635853838284,.276635853838284,0,43,246,3,.360905597459297,13.067215887629,.186961846284566
04,mat,.83154296807428,.281159975825655,.281159975825655,0,44,248,3,.428538214623887,12.6500722334371,.190019433317627
04,mat,.937573763088445,.287672033890553,.287672033890553,0,45,252,3,.500198170930409,12.0838329323616,.194420549015512
04,mat,1.0514093733527,.296831615299057,.296831615299057,0,46,254,3,.577132941216464,11.3495773531356,.200610969481866
04,mat,1.17567597485893,.309596862541403,.309596862541403,0,47,256,3,.66111740283544,10.4329445275775,.20923824667531
04,mat,1.31422038854828,.327435654417695,.327435654417695,0,48,260,4,.754751395018227,9.32713073558547,.221294433241161
04,mat,1.47307109096088,.352775905919883,.352775905919883,0,49,262,4,.862109209251597,8.03530134168957,.238420413624506
04,mat,1.66240043344279,.390045658520187,.390045658520187,0,50,264,4,.990065737428002,6.57308280640739,.263608839708983
04,mat,1.90146226143544,.448567319899249,.448567319899249,0,51,268,4,1.15163351730008,4.9698666923039,.303160176628115
04,mat,2.23430077578703,.553272630690762,.553272630690762,0,52,270,4,1.37657942468836,3.26679307202263,.37392431637995
04,mat,2.80850749411247,.812486268469588,.812486268469588,0,53,278,4,1.76465185534981,1.51484410175187,.549111515106543
04,mat,3.99999999999992,1.82924347117753,1.82924347117753,0,54,280,4,2.56991131699994,.298852554703614,1.23627769838998
05,mat,-10.2511576907392,4.47213595499958,1.01588,1,0,200,1,-10.2511576907392,.00176844592471082,4.47213595499958
05,mat,-9.52245955827818,4.47213595499958,1.01588,1,1,200,1,-9.52245955827818,.00316803406539568,4.47213595499958
05,mat,-8.7937614258172,4.47213595499958,1.01588,1,2,202,1,-8.7937614258172,.00570738882702085,4.47213595499958
05,mat,-8.06506329335621,4.47213595499958,1.01588,1,3,202,1,-8.06506329335621,.0103676929870748,4.47213595499958
05,mat,-7.33636516089523,4.47213595499958,1.01588,1,4,204,1,-7.33636516089523,.0190776171462448,4.47213595499958
05,mat,-6.60766702843424,4.47213595499958,1.01588,1,5,204,1,-6.60766702843424,.0358575324381868,4.47213595499958
05,mat,-5.87896889597326,3.78279730945607,1.01588,1,6,204,1,-5.87896889597326,.0698833727636205,3.78279730945607
05,mat,-5.15027076351227,2.6281606419732,1.01588,1,7,206,1,-5.15027076351227,.144775870707935,2.6281606419732
05,mat,-4.42157263105129,1.74460730590272,1.01588,1,8,206,1,-4.42157263105129,.328552386653198,1.74460730590272
05,mat,-3.56054529560267,1.01588282654104,1.01588282654104,0,9,208,1,-3.56054529560267,.968975425013949,1.01588282654104
05,mat,-2.97855576859266,.706601080356466,.706601080356466,0,10,208,1,-2.97855576859266,2.00286374761847,.706601080356466
05,mat,-2.62104921133962,.576654082835168,.576654082835168,0,11,210,1,-2.62104921133962,3.00724808813309,.576654082835169
05,mat,-2.35580694331739,.502499472697615,.502499472697615,0,12,212,1,-2.35580694331739,3.96030632397916,.502499472697615
05,mat,-2.14138182342094,.453548857664199,.453548857664199,0,13,212,1,-2.14138182342094,4.86129353108504,.453548857664199
05,mat,-1.95934119924239,.418513543246308,.418513543246308,0,14,214,1,-1.95934119924239,5.70927506264021,.418513543246308
05,mat,-1.79976784673428,.39211173436125,.39211173436125,0,15,214,1,-1.79976784673428,6.50399683968507,.39211173436125
05,mat,-1.65668593923765,.37144223364759,.37144223364759,0,16,216,1,-1.65668593923765,7.24798749629252,.37144223364759
05,mat,-1.52618358755079,.354728327590943,.354728327590943,0,17,216,1,-1.52618358755079,7.94709230321394,.354728327590943
05,mat,-1.4055893149671,.340814604973027,.340814604973027,0,18,216,1,-1.4055893149671,8.60921602214037,.340814604973027
05,mat,-1.29298559624137,.32892412529522,.32892412529522,0,19,216,1,-1.29298559624137,9.24290614475882,.32892412529522
05,mat,-1.18695695073725,.318532851609163,.318532851609163,0,20,218,1,-1.18695695073725,9.85579225985873,.318532851609163
05,mat,-1.08642111294787,.309292101327069,.309292101327069,0,21,218,1,-1.08642111294787,10.4535148772184,.309292101327069
05,mat,-.990523695979957,.300976483133417,.300976483133417,0,22,218,1,-.990523695979957,11.0391306559984,.300976483133417
05,mat,-.898587759979039,.293447224324352,.293447224324352,0,23,220,2,-.898587759979039,11.6128813310598,.293447224324352
05,mat,-.810031144118115,.286620123844718,.286620123844718,0,24,220,2,-.810031144118115,12.1726922230195,.286620123844718
05,mat,-.724373978713198,.280447102731814,.280447102731814,0,25,220,2,-.724373978713198,12.7144648223532,.280447102731814
05,mat,-.641171948392256,.274897371619981,.274897371619981,0,26,222,2,-.641171948392256,13.2330156198063,.274897371619981
05,mat,-.560046140854489,.26995054270461,.26995054270461,0,27,224,2,-.560046140854489,13.7224478877947,.26995054270461
05,mat,-.480643690335026,.265588541762423,.265588541762423,0,28,226,2,-.480643690335026,14.1769018018594,.265588541762423
05,mat,-.40263411282567,.26179307140874,.26179307140874,0,29,228,2,-.40263411282567,14.5909545030819,.26179307140874
05,mat,-.325706123087812,.258544886716582,.258544886716582,0,30,228,2,-.325706123087812,14.9598794477344,.258544886716582
05,mat,-.249564256253982,.255824060674515,.255824060674515,0,31,230,2,-.249564256253982,15.2797843058958,.255824060674515
05,mat,-.173926399680648,.253610723515077,.253610723515077,0,32,232,2,-.173926399680648,15.5476506610118,.253610723515077
05,mat,-.0985107790419838,.25188570850054,.25188570850054,0,33,234,2,-.0985107790419838,15.76133303186,.25188570850054
05,mat,-.0230409813714235,.250631885854043,.250631885854043,0,34,236,2,-.0230409813714235,15.9194242273547,.250631885854043
05,mat,.0527627306250442,.249835276031439,.249835276031439,0,35,238,2,.0527627306250442,16.0211055251996,.249835276031439
05,mat,.12918694569181,.24948679466883,.24948679466883,0,36,240,3,.12918694569181,16.0658931130803,.24948679466883
05,mat,.206536339724649,.249584708276841,.249584708276841,0,37,240,3,.206536339724649,16.0532900893689,.249584708276841
05,mat,.285131143484633,.250138075280591,.250138075280591,0,38,242,3,.285131143484633,15.982340995063,.250138075280591
05,mat,.365327602967459,.251171252514767,.251171252514767,0,39,244,3,.365327602967459,15.8511267024623,.251171252514767
05,mat,.447526656507958,.252729639005142,.252729639005142,0,40,246,3,.447526656507958,15.6562463372866,.252729639005142
05,mat,.532196888689524,.254886975231121,.254886975231121,0,41,248,3,.532196888689524,15.3923423067157,.254886975231121
05,mat,.619892076990417,.257754553828451,.257754553828451,0,42,250,3,.619892076990417,15.0517607430729,.257754553828451
05,mat,.711307663335828,.261495052567518,.261495052567518,0,43,252,3,.711307663335828,14.6242312872948,.261495052567518
05,mat,.807305752213494,.266341331513125,.266341331513125,0,44,254,3,.807305752213494,14.0968755868519,.266341331513125
05,mat,.909012300856503,.27262770014555,.27262770014555,0,45,256,3,.909012300856503,13.4542669423834,.27262770014555
05,mat,1.017962566246,.28084102593433,.28084102593433,0,46,260,4,1.017962566246,12.678821809951,.28084102593433
05,mat,1.13627935348153,.291700891196436,.291700891196436,0,47,260,4,1.13627935348153,11.7523438096919,.291700891196436
05,mat,1.2670606893228,.306302154192222,.306302154192222,0,48,262,4,1.2670606893228,10.6585934599736,.306302154192222
05,mat,1.41508325939349,.326379781297098,.326379781297098,0,49,264,4,1.41508325939349,9.38757686180698,.326379781297098
05,mat,1.58821447863834,.35486496843956,.35486496843956,0,50,266,4,1.58821447863834,7.94097342155269,.35486496843956
05,mat,1.80094584118694,.397451554823166,.397451554823166,0,51,268,4,1.80094584118694,6.33040651167244,.397451554823166
05,mat,2.0853637353923,.469332514124193,.469332514124193,0,52,270,4,2.0853637353923,4.53982085859548,.469332514124193
05,mat,2.54651150773619,.643529666610807,.643529666610807,0,53,276,4,2.54651150773619,2.41469818007265,.643529666610807
05,mat,3.99999999999992,2.10627014248474,2.10627014248474,0,54,280,4,3.99999999999992,.225409313908827,2.10627014248474
06,mat,-8.86604414652349,4.47213595499958,1.08895,1,0,200,1,-10.6691792792075,.00889643958176695,5.32798946627781
06,mat,-8.25216813577052,4.47213595499958,1.08895,1,1,200,1,-9.93782295377294,.01379091299461,5.32798946627781
06,mat,-7.63829212501756,4.47213595499958,1.08895,1,2,202,1,-9.20646662833834,.021808607624776,5.32798946627781
06,mat,-7.02441611426459,4.47213595499958,1.08895,1,3,202,1,-8.47511030290374,.035603068277588,5.32798946627781
06,mat,-6.41054010351162,4.05699704706994,1.08895,1,4,204,1,-7.74375397746915,.0607562019216426,4.83340348974494
06,mat,-5.79666409275866,3.0254813992629,1.08895,1,5,204,1,-7.01239765203455,.109247378780831,3.60448188245961
06,mat,-5.18278808200569,2.19738727587264,1.08895,1,6,204,1,-6.28104132659995,.207103190424943,2.61791152527325
06,mat,-4.56891207125272,1.56045111870814,1.08895,1,7,206,1,-5.54968500116535,.410676320454501,1.85908192567888
06,mat,-3.9313323697866,1.08894550813473,1.08894550813473,0,8,206,1,-4.7900886991955,.8433108819218,1.29734208777938
06,mat,-3.25885022206466,.785830832846918,.785830832846918,0,9,206,1,-3.98891050707976,1.61935426868576,.936218943658007
06,mat,-2.82406835856629,.660866215911245,.660866215911245,0,10,208,1,-3.47092241097588,2.28967002257394,.787339265269345
06,mat,-2.49511191410036,.576980351615674,.576980351615674,0,11,210,1,-3.0790120378086,3.00384799400833,.687399771963744
06,mat,-2.23045769991659,.51138896478862,.51138896478862,0,12,212,1,-2.76370971257389,3.82381872526511,.609255855586961
06,mat,-2.0102994663007,.459821320851582,.459821320851582,0,13,212,1,-2.50141877119307,4.72957144961085,.547819471169768
06,mat,-1.82250443907203,.419500167401375,.419500167401375,0,14,214,1,-2.27768453391545,5.68245130860397,.499781870566257
06,mat,-1.65880644051919,.387923720701995,.387923720701995,0,15,214,1,-2.08265888605577,6.64518883674059,.462162492021045
06,mat,-1.51337375667525,.363064656248281,.363064656248281,0,16,214,1,-1.90939407135202,7.58633565088031,.432546032485006
06,mat,-1.38196475111771,.34334932740245,.34334932740245,0,17,216,1,-1.75283671164075,8.48257284812704,.40905768922537
06,mat,-1.26149284030797,.327583154347313,.327583154347313,0,18,216,1,-1.60930952949882,9.31873322563408,.390274270115006
06,mat,-1.14966122463143,.314857676160537,.314857676160537,0,19,216,1,-1.47607617605944,10.0872185056477,.375113457828723
06,mat,-1.04475821900942,.3044808795475,.3044808795475,0,20,218,1,-1.35109739308883,10.7864851283809,.362750805260847
06,mat,-.945457321888339,.295917126894142,.295917126894142,0,21,218,1,-1.2327928202456,11.4198341474919,.352548167329437
06,mat,-.850748256759345,.288750949257714,.288750949257714,0,22,218,1,-1.1199588396945,11.9936993694987,.344010564862839
06,mat,-.759844209487545,.282656703964955,.282656703964955,0,23,218,1,-1.01165806101073,12.5164572174094,.336750035430939
06,mat,-.672113724805686,.277378335135357,.277378335135357,0,24,220,2,-.907138184388049,12.9973533433237,.330461520545387
06,mat,-.587039108918937,.272716311605221,.272716311605221,0,25,220,2,-.805782442556119,13.4455251950391,.324907303833273
06,mat,-.504201091996576,.268519182448409,.268519182448409,0,26,220,2,-.707091328061653,13.8691347445694,.319906950498509
06,mat,-.423244700884008,.26467597433333,.26467597433333,0,27,222,2,-.61064193488222,14.2748304638022,.315328249725568
06,mat,-.343866303111696,.261110841695921,.261110841695921,0,28,224,2,-.516072522986753,14.6673005255449,.311080841031124
06,mat,-.26579550171597,.257777879420724,.257777879420724,0,29,226,2,-.42306094828378,15.0490368836771,.30711003422372
06,mat,-.188785719869258,.254656470839011,.254656470839011,0,30,228,2,-.33131344538845,15.42021992747,.303391267126595
06,mat,-.112608602413687,.251746791482743,.251746791482743,0,31,230,2,-.240557957751508,15.7787324312319,.299924748864084
06,mat,-.0370375169083144,.249064988874293,.249064988874293,0,32,232,2,-.150524481225,16.1203562087839,.296729717185209
06,mat,.0381515387732432,.246639321428167,.246639321428167,0,33,234,2,-.060946145351096,16.4389988955841,.293839838449031
06,mat,.113188882551054,.244506367195408,.244506367195408,0,34,236,2,.0284514448046083,16.7270615067086,.291298690818784
06,mat,.18831662644427,.242708022189291,.242708022189291,0,35,238,2,.117956735367339,16.9758581466942,.289156188143163
06,mat,.263794634132943,.241289261181624,.241289261181624,0,36,240,3,.207879321341343,17.176078359372,.287465912225776
06,mat,.33990160340431,.240296782455086,.240296782455086,0,37,242,3,.298551236208969,17.3182533474489,.286283498217413
06,mat,.416952862046576,.239778226936554,.239778226936554,0,38,244,3,.390348153507625,17.3932408620067,.285665704311274
06,mat,.495289473745908,.239782543874812,.239782543874812,0,39,246,3,.483676407871479,17.3926145873014,.285670847402137
06,mat,.575302690973961,.240360834278912,.240360834278912,0,40,248,3,.579002127582096,17.3090245734179,.286359807937438
06,mat,.657439942899205,.241568616573016,.241568616573016,0,41,250,3,.67685836841428,17.1363757210905,.287798729161053
06,mat,.742226387160854,.243470064958836,.243470064958836,0,42,252,3,.777870789873469,16.8697581619121,.290064066590921
06,mat,.830282846383081,.246145762812434,.246145762812434,0,43,254,3,.882779024304324,16.5049902329038,.293251825219542
06,mat,.922385752154729,.249708604367622,.249708604367622,0,44,256,3,.992508092629341,16.0373639544053,.297496504376675
06,mat,1.01948944057194,.254331890863508,.254331890863508,0,45,258,3,1.10819496669345,15.4596038077697,.303004570767664
06,mat,1.12289141048288,.26030890627902,.26030890627902,0,46,260,4,1.23138545374964,14.7578110341376,.310125435494066
06,mat,1.23435858500129,.268159525038067,.268159525038067,0,47,262,4,1.36418462122706,13.9063624518246,.319478463772467
06,mat,1.35652599002572,.278842680203821,.278842680203821,0,48,262,4,1.50973177221763,12.8612003319712,.332206104157845
06,mat,1.49360276709383,.294174824489726,.294174824489726,0,49,264,4,1.67304157130228,11.5555067068204,.350472432389532
06,mat,1.65295005428759,.31774921438708,.31774921438708,0,50,266,4,1.86288389188271,9.90446516949922,.378558363208922
06,mat,1.84909551800731,.357371388193203,.357371388193203,0,51,268,4,2.09656662762077,7.8299761949443,.425763217174519
06,mat,2.11650574853299,.433736299224806,.433736299224806,0,52,270,4,2.41515240089605,5.31555309837108,.51674243731982
06,mat,2.57235617902685,.6327374016607,.6327374016607,0,53,276,4,2.95824105390408,2.49777311375034,.753827308671012
06,mat,3.99999999999992,2.06467098158333,2.06467098158333,0,54,280,4,4.6590997299999,.234583948567442,2.45979669488972
07,mat,-10.1541305602456,4.47213595499958,.89007,1,0,200,1,-12.125897746746,.000180873573988374,5.27819517061221
07,mat,-9.34686691066526,4.47213595499958,.89007,1,1,200,1,-11.173132638641,.000397666458584325,5.27819517061221
07,mat,-8.53960326108495,4.47213595499958,.89007,1,2,202,1,-10.2203675305359,.000914629659409163,5.27819517061221
07,mat,-7.73233961150464,4.47213595499958,.89007,1,3,202,1,-9.26760242243092,.00224170494617927,5.27819517061221
07,mat,-6.92507596192433,4.47213595499958,.89007,1,4,202,1,-8.31483731432589,.00601752046531969,5.27819517061221
07,mat,-6.11781231234403,4.47213595499958,.89007,1,5,204,1,-7.36207220622085,.018251390890616,5.27819517061221
07,mat,-5.31054866276372,3.97092856929447,.89007,1,6,204,1,-6.40930709811583,.0634184831434859,4.68665000532125
07,mat,-4.50328501318341,2.0201589207708,.89007,1,7,206,1,-5.4565419900108,.245035455168331,2.38427301110138
07,mat,-3.53082007863038,.890070719987075,.890070719987075,0,8,206,1,-4.30879966446515,1.26226625125706,1.05049735138018
07,mat,-2.94118993309148,.584628070473401,.584628070473401,0,9,206,1,-3.61289439281267,2.92577330003046,.69000162097651
07,mat,-2.60397913123623,.488945871899013,.488945871899013,0,10,208,1,-3.21490460812357,4.18290915306191,.57707363231277
07,mat,-2.35391391841837,.441394592042297,.441394592042297,0,11,210,1,-2.91976756132655,5.13270121959263,.52095169455827
07,mat,-2.14898113809437,.410966547026592,.410966547026592,0,12,212,1,-2.67789763109847,5.92089087839238,.48503928897196
07,mat,-1.97247073965833,.387880219247148,.387880219247148,0,13,212,1,-2.46957294196499,6.64667945976254,.457791874085924
07,mat,-1.81593274292463,.368662476246295,.368662476246295,0,14,212,1,-2.28482048660784,7.35770088442296,.43511031893692
07,mat,-1.67436168009367,.352063239859777,.352063239859777,0,15,214,1,-2.1177326101095,8.06786527814639,.41551923087234
07,mat,-1.54444862241823,.337570736396655,.337570736396655,0,16,214,1,-1.96440398134645,8.77547064449397,.398414593947424
07,mat,-1.42385286616,.324877320370788,.324877320370788,0,17,214,1,-1.82207200738959,9.47460714076711,.383433312555161
07,mat,-1.31085102564366,.31372154813997,.31372154813997,0,18,216,1,-1.688702678978,10.1604115857133,.370266820367614
07,mat,-1.20416136132783,.303862732027932,.303862732027932,0,19,216,1,-1.5627832354252,10.8304156292796,.358631048084721
07,mat,-1.10277921897522,.295083294920215,.295083294920215,0,20,216,1,-1.44312794329266,11.4844645534118,.348269202423289
07,mat,-1.00594000130148,.287201394835885,.287201394835885,0,21,218,1,-1.32883439403686,12.1234691150284,.338966666145552
07,mat,-.913027203115129,.280070740291675,.280070740291675,0,22,218,1,-1.2191749633733,12.7486594850084,.330550780144483
07,mat,-.823544819140394,.273579372940153,.273579372940153,0,23,218,1,-1.1135642458766,13.3608257622869,.322889406664285
07,mat,-.737074570608391,.267642871808904,.267642871808904,0,24,218,1,-1.01150857207871,13.9601034813828,.31588290866946
07,mat,-.653260006780713,.262197781921291,.262197781921291,0,25,220,2,-.91258724444607,14.5459460726607,.309456394038075
07,mat,-.571783323408122,.257194663618373,.257194663618373,0,26,220,2,-.816425177589866,15.1173647968156,.303551512091241
07,mat,-.492362573271467,.252593865950693,.252593865950693,0,27,220,2,-.72268960603394,15.6730818029898,.298121465179683
07,mat,-.414733940205321,.248362200718581,.248362200718581,0,28,222,2,-.631069163302789,16.2117165239589,.293127083252002
07,mat,-.338648970690327,.244472245470577,.244472245470577,0,29,224,2,-.541270614535222,16.7317311248891,.288536001225313
07,mat,-.263879869372041,.240903130341407,.240903130341407,0,30,226,2,-.453025106469216,17.2311837353018,.284323587643144
07,mat,-.190195422851209,.237640466744642,.237640466744642,0,31,228,2,-.366059751728446,17.7075797579782,.280472860515646
07,mat,-.117381166308924,.234678546363898,.234678546363898,0,32,230,2,-.280121430286417,18.1573816067552,.276977082657662
07,mat,-.0452118472051593,.232020188356434,.232020188356434,0,33,232,2,-.194944290013208,18.5758394983409,.273839581352258
07,mat,.0265370850710707,.229678075591404,.229678075591404,0,34,234,2,-.110263307223852,18.9566206221272,.271075325432983
07,mat,.0980999013028862,.227674914802524,.227674914802524,0,35,236,2,-.0258019860943131,19.2916615684866,.268711114302504
07,mat,.169726151491165,.226043741579576,.226043741579576,0,36,238,2,.0587342023483008,19.5710905068436,.266785937895876
07,mat,.241688882377869,.22482826217362,.22482826217362,0,37,240,3,.143667518878099,19.7832752202012,.265351380092837
07,mat,.314289446110312,.224083569063391,.224083569063391,0,38,242,3,.229353631449857,19.9149845543325,.264472463258118
07,mat,.387866908243989,.223877271170962,.223877271170962,0,39,242,3,.316192718903296,19.9517038892433,.264228982167543
07,mat,.462817725648681,.224291554650648,.224291554650648,0,40,244,3,.404652695621271,19.8780673435009,.264717936234178
07,mat,.539599674514991,.225426662438946,.225426662438946,0,41,246,3,.495273847521469,19.6783843038367,.266057636213474
07,mat,.618775659131934,.227406910669616,.227406910669616,0,42,248,3,.588720536942084,19.3371596726606,.268394805018919
07,mat,.701019662056333,.230389723945605,.230389723945605,0,43,250,3,.685788225271659,18.8396916863553,.271915241514272
07,mat,.787190455832175,.234581874757761,.234581874757761,0,44,252,3,.787490470492312,18.1723500686346,.2768629869303
07,mat,.878379019694705,.240264908809522,.240264908809522,0,45,254,3,.895114890285766,17.3228485460214,.283570332858121
07,mat,.976063395212574,.247843725289603,.247843725289603,0,46,256,3,1.01040592890598,16.2796155071753,.292515157645794
07,mat,1.08226491278509,.257929546837016,.257929546837016,0,47,258,3,1.13574924199025,15.0313438546425,.304418850896374
07,mat,1.19995279752174,.271511151382389,.271511151382389,0,48,260,4,1.27464922873195,13.5651517705332,.320448408191119
07,mat,1.33377837771933,.290317670923956,.290317670923956,0,49,262,4,1.43259557432854,11.8645988181476,.342644620832944
07,mat,1.49156512997604,.317664407394093,.317664407394093,0,50,264,4,1.61882186130376,9.90975427342082,.374920341835414
07,mat,1.68847606590921,.360899487410614,.360899487410614,0,51,266,4,1.85122408734103,7.67763514018531,.425948126509339
07,mat,1.95998605485782,.44039439677702,.44039439677702,0,52,268,4,2.17167112358094,5.15604181231192,.519771223778318
07,mat,2.42818032573777,.645860251195124,.645860251195124,0,53,274,4,2.72425287966644,2.39730276163479,.762270309545814
07,mat,3.99999999999992,2.29420665283264,2.29420665283264,0,54,280,4,4.5793778349999,.189991831962111,2.70771519408532
08,mat,-14.6029521057616,4.47213595499958,.9255,1,0,200,1,-17.8714696559259,5.23790579098345E-007,5.37142416548073
08,mat,-13.2996600317391,4.47213595499958,.9255,1,1,200,1,-16.3061025446561,2.25158984565942E-006,5.37142416548073
08,mat,-11.9963679577167,4.47213595499958,.9255,1,2,202,1,-14.7407354333863,1.01118199022366E-005,5.37142416548073
08,mat,-10.6930758836943,4.47213595499958,.9255,1,3,202,1,-13.1753683221165,4.79986824666321E-005,5.37142416548073
08,mat,-9.38978380967186,4.47213595499958,.9255,1,4,204,1,-11.6100012108466,.000242821581150591,5.37142416548073
08,mat,-8.08649173564944,4.47213595499958,.9255,1,5,204,1,-10.0446340995768,.00131179791387872,5.37142416548073
08,mat,-6.78319966162701,4.47213595499958,.9255,1,6,204,1,-8.47926698830702,.00752489177929349,5.37142416548073
08,mat,-5.47990758760459,4.47213595499958,.9255,1,7,206,1,-6.91389987703721,.044977571796773,5.37142416548073
08,mat,-4.17661551358216,1.96117876697937,.9255,1,8,206,1,-5.34853276576739,.259995382332983,2.35554623736427
08,mat,-2.92769170983154,.925497584053405,.925497584053405,0,9,208,1,-3.84846667479569,1.16747992411032,1.11160307694156
08,mat,-2.3982116927844,.66642343412306,.66642343412306,0,10,210,1,-3.21251513232824,2.25164271863058,.800432494564357
08,mat,-2.06310671128978,.531933066783908,.531933066783908,0,11,212,1,-2.81002490982931,3.53415850291007,.638897868511162
08,mat,-1.81686054683952,.450402151800059,.450402151800059,0,12,212,1,-2.51426185349684,4.92945704571092,.540972149931785
08,mat,-1.62096994876628,.397124883984269,.397124883984269,0,13,214,1,-2.27898021115214,6.34082544954378,.476981518453644
08,mat,-1.4569249719654,.360545362833677,.360545362833677,0,14,214,1,-2.08194792915523,7.69272436216218,.433046332706362
08,mat,-1.31442503896385,.334551646154809,.334551646154809,0,15,216,1,-1.9107931182537,8.93457003947365,.40182561863942
08,mat,-1.18722596644222,.315619388121596,.315619388121596,0,16,216,1,-1.75801597130548,10.0385885191532,.37908633044917
08,mat,-1.07129519654969,.301561937622408,.301561937622408,0,17,216,1,-1.61877303567258,10.9963093697334,.362202110005922
08,mat,-.963917872988882,.290942552946163,.290942552946163,0,18,216,1,-1.48980353286613,11.813688336914,.349447305579918
08,mat,-.863184405022691,.282774884209545,.282774884209545,0,19,218,1,-1.36881387835856,12.5059973855292,.33963722519127
08,mat,-.767743489052277,.276367384311905,.276367384311905,0,20,218,1,-1.25418103902236,13.0926157966446,.331941260637236
08,mat,-.676607681875506,.27122964478907,.27122964478907,0,21,218,1,-1.14471900970668,13.5933246596056,.325770388707895
08,mat,-.589031619146877,.26701456960425,.26701456960425,0,22,218,1,-1.0395325430179,14.0258787936418,.320707716880633
08,mat,-.504459938905729,.263479358658274,.263479358658274,0,23,220,2,-.937954600948688,14.4047858010737,.316461621123178
08,mat,-.422438142254742,.260453673856012,.260453673856012,0,24,220,2,-.839439290801482,14.7414099693119,.312827510571188
08,mat,-.342612097530076,.2578185067271,.2578185067271,0,25,220,2,-.743561269653786,15.044294371844,.309662445703137
08,mat,-.264680822405364,.255488893578629,.255488893578629,0,26,222,2,-.649959031559117,15.31990064971,.306864377735652
08,mat,-.188382814707094,.25340317189254,.25340317189254,0,27,224,2,-.558318489667638,15.5731299130752,.304359244622559
08,mat,-.113493338344949,.251516392761887,.251516392761887,0,28,226,2,-.468369716392506,15.8076535270871,.302093058817991
08,mat,-.0397969764721097,.249795678591801,.249795678591801,0,29,228,2,-.379853977368687,16.0261852371022,.300026331471576
08,mat,.0328966010017547,.248218144674751,.248218144674751,0,30,230,2,-.292542669607159,16.2305392690495,.298131576059582
08,mat,.104782699067085,.24676851111261,.24676851111261,0,31,232,2,-.206201214831269,16.4217909207775,.296390440095665
08,mat,.176048219517748,.245438364245507,.245438364245507,0,32,234,2,-.12060512773416,16.6002681826069,.294792818042694
08,mat,.246882851934693,.244225641678674,.244225641678674,0,33,236,2,-.0355265746342779,16.7655374971874,.293336232785211
08,mat,.317482844602743,.243135305349724,.243135305349724,0,34,238,2,.0492701557236125,16.9162442234695,.292026644041766
08,mat,.388055189167192,.242181114517399,.242181114517399,0,35,240,3,.134033678304883,17.0498064420287,.290880577878571
08,mat,.458822563357993,.241388377125463,.241388377125463,0,36,240,3,.219031448426591,17.1619759926863,.289928431336791
08,mat,.530029428711394,.240797367488054,.240797367488054,0,37,242,3,.304557085651416,17.2463235966579,.289218577369838
08,mat,.601953141465426,.240467013043782,.240467013043782,0,38,244,3,.390943718939299,17.2937422685945,.288821792955635
08,mat,.674907158810013,.240478636176248,.240478636176248,0,39,246,3,.478567837632634,17.2920705808076,.28883575334844
08,mat,.749257150703938,.240939530736895,.240939530736895,0,40,248,3,.567868643149483,17.2259776612184,.289389327793785
08,mat,.825455468563563,.241987219410495,.241987219410495,0,41,250,3,.659389448876019,17.0771401044102,.290647692994642
08,mat,.904034825127379,.243794737550215,.243794737550215,0,42,252,3,.75377008913427,16.8248556257116,.292818679456801
08,mat,.98567589807083,.246579897242482,.246579897242482,0,43,252,3,.851828117002136,16.4469232385172,.296163898436345
08,mat,1.07124068501235,.250620381305432,.250620381305432,0,44,254,3,.954598866576078,15.9208858003721,.301016871144321
08,mat,1.1618770837664,.256282169275559,.256282169275559,0,45,256,3,1.06346106294902,15.2252073955869,.30781717082854
08,mat,1.25911397141177,.264066660652318,.264066660652318,0,46,260,4,1.18025102043915,14.3407826312316,.317167021888044
08,mat,1.36512333956995,.274703427805701,.274703427805701,0,47,260,4,1.30757748985375,13.2517075416369,.329942704180619
08,mat,1.48304688343285,.28931681191417,.28931681191417,0,48,262,4,1.4492139203107,11.9468292996605,.347494649230932
08,mat,1.61780526584372,.30978759482512,.30978759482512,0,49,264,4,1.61107045577081,10.4201016197852,.372081839584852
08,mat,1.77765918411684,.339572911852708,.339572911852708,0,50,266,4,1.803068912034,8.67229260238136,.407856595376798
08,mat,1.97816092507577,.385951707256452,.385951707256452,0,51,268,4,2.04388893795557,6.71326927189378,.463561561617606
08,mat,2.25450863223411,.468006266912232,.468006266912232,0,52,272,4,2.37580656462029,4.56558741901221,.562116222982542
08,mat,2.72048439720127,.66314806025767,.66314806025767,0,53,276,4,2.93548397820045,2.27393995548155,.796498485735338
08,mat,3.99999999999992,1.77844104708332,1.77844104708332,0,54,280,4,4.4722934799999,.316170286688259,2.1360623454452
10,mat,-7.66889656036583,4.47213595499958,.709,1,0,200,1,-16.1220586930451,.0408220901517571,9.00744630873007
10,mat,-7.15911080272081,4.07957314288094,.709,1,1,202,1,-15.0952858294408,.0600856207064342,8.21677525388217
10,mat,-6.64932504507579,3.35549380159492,.709,1,2,202,1,-14.0685129658365,.0888151632044781,6.75838806361728
10,mat,-6.13953928743078,2.7528687428438,.709,1,3,204,1,-13.0417401022321,.131955953944045,5.54462512894448
10,mat,-5.62975352978576,2.24933659137147,.709,1,4,204,1,-12.0149672386278,.197647399005981,4.5304478175334
10,mat,-5.11996777214075,1.8220882522771,.709,1,5,206,1,-10.9881943750235,.301204311304546,3.66991573317572
10,mat,-4.61018201449573,1.44558548069834,.709,1,6,206,1,-9.96142151141918,.47853360871226,2.91159162715376
10,mat,-4.10039625685072,1.09746272389281,.709,1,7,208,1,-8.93464864781486,.830272099115849,2.21042845315243
10,mat,-3.46059406368802,.70900140828463,.70900140828463,0,8,208,1,-7.64600627175337,1.98932529261634,1.42801832998801
10,mat,-3.0507867183077,.51734883777359,.51734883777359,0,9,210,1,-6.82060255022523,3.73622519231635,1.04200586163306
10,mat,-2.76961293331321,.423096023390438,.423096023390438,0,10,212,1,-6.25428305608531,5.58627245022109,.852168796403895
10,mat,-2.55252811475025,.373002326280367,.373002326280367,0,11,214,1,-5.81704682996828,7.18748446954635,.751273767347294
10,mat,-2.37156095163416,.344738784985586,.344738784985586,0,12,214,1,-5.45255612087232,8.4143332197604,.694347427614104
10,mat,-2.2133784639555,.327322176595235,.327322176595235,0,13,216,1,-5.133956624103,9.33359901687642,.659268179904544
10,mat,-2.07128184063567,.314967842322964,.314967842322964,0,14,216,1,-4.84775608859058,10.0801633358253,.634384991254346
10,mat,-1.94171709763258,.304788837802573,.304788837802573,0,15,218,1,-4.58679634187267,10.7646988385831,.613883191305434
10,mat,-1.82252179342742,.295557313718954,.295557313718954,0,16,218,1,-4.3467219537762,11.4476562162287,.595289736551899
10,mat,-1.71215896839883,.286871294944596,.286871294944596,0,17,218,1,-4.12443729362102,12.1513858736062,.57779499834762
10,mat,-1.60940087404771,.27865079103394,.27865079103394,0,18,220,2,-3.91746952095742,12.8789198209282,.561237865838454
10,mat,-1.51322671674067,.270905940779498,.270905940779498,0,19,222,2,-3.72376262855803,13.6258292446181,.545638759832285
10,mat,-1.42273929648167,.263656452640471,.263656452640471,0,20,224,2,-3.54150954238179,14.3854413540051,.531037375653644
10,mat,-1.33719037378081,.25691961465448,.25691961465448,0,21,226,2,-3.36920321364949,15.1497503446548,.517468533592483
10,mat,-1.25593265390005,.250706148512626,.250706148512626,0,22,228,2,-3.20553990905394,15.9099945130983,.504953828488025
10,mat,-1.17840305487651,.245017554426168,.245017554426168,0,23,230,2,-3.04938551044689,16.6573380085281,.493496281955111
10,mat,-1.10412897601236,.239842945809812,.239842945809812,0,24,232,2,-2.8997881403689,17.3838553945927,.483073967036797
10,mat,-1.03268007418042,.23515233270016,.23515233270016,0,25,234,2,-2.75588103344172,18.0842881119678,.473626480161316
10,mat,-.963696049278166,.230897912218579,.230897912218579,0,26,236,2,-2.61693849978005,18.7568535666431,.465057540297188
10,mat,-.896852937969925,.227014741497753,.227014741497753,0,27,236,2,-2.48230803633352,19.4040274721662,.457236344312219
10,mat,-.831870384534711,.223427988107742,.223427988107742,0,28,238,2,-2.3514249712922,20.0320248496206,.450012170246791
10,mat,-.768503249136836,.220062352581311,.220062352581311,0,29,240,3,-2.22379556208421,20.649450397578,.443233355469215
10,mat,-.706534038377398,.216853469153357,.216853469153357,0,30,242,3,-2.09898174955107,21.2650912923557,.436770259204004
10,mat,-.645762622859609,.213758951820199,.213758951820199,0,31,244,3,-1.97658044782632,21.8852432251224,.430537510689574
10,mat,-.586009447614144,.210767345601492,.210767345601492,0,32,244,3,-1.85623001053741,22.51092535419,.424512038149603
10,mat,-.527103220621526,.207901258876511,.207901258876511,0,33,246,3,-1.73758543393578,23.1358660867326,.418739377713695
10,mat,-.46887566605564,.205214785299929,.205214785299929,0,34,248,3,-1.62030778926701,23.7455757834399,.413328480830331
10,mat,-.411157719736613,.202785518889425,.202785518889425,0,35,250,3,-1.50405655993271,24.3179030807166,.408435631645424
10,mat,-.353771010476841,.200702980741838,.200702980741838,0,36,250,3,-1.38847248384616,24.8251770821414,.404241136947806
10,mat,-.296526734773187,.199056715227301,.199056715227301,0,37,252,3,-1.2731752869203,25.237500095956,.400925350401664
10,mat,-.239226028426109,.19792602166203,.19792602166203,0,38,254,3,-1.15776443155562,25.5266726594582,.398647990839412
10,mat,-.181654088606707,.197372640468246,.197372640468246,0,39,256,3,-1.04180727774124,25.670013533159,.397533411264591
10,mat,-.123583656088907,.197437356300833,.197437356300833,0,40,256,3,-.924846096710049,25.6531881049127,.397663757120176
10,mat,-.0647751444545057,.198140076039703,.198140076039703,0,41,258,3,-.806398331173983,25.4715485810032,.399079123375061
10,mat,-.00497317668059414,.199483393363891,.199483393363891,0,42,260,4,-.685949619573943,25.1296537925553,.401784734026204
10,mat,.0560942594670371,.201459319062427,.201459319062427,0,43,260,4,-.562952094935486,24.6391247610748,.405764497794277
10,mat,.118718740151876,.204058620212745,.204058620212745,0,44,260,4,-.436818486061147,24.0154156971831,.410999818407805
10,mat,.183233312115785,.207282803743724,.207282803743724,0,45,262,4,-.306877994773987,23.2741297583891,.417493731011763
10,mat,.249993174093689,.211154547996158,.211154547996158,0,46,262,4,-.172415205986911,22.4284427120735,.425291912647083
10,mat,.31944808105466,.215731810725581,.215731810725581,0,47,262,4,-.0325242564218832,21.4867941214222,.434511097549129
10,mat,.392117943531001,.221114798321585,.221114798321585,0,48,262,4,.113842019358859,20.4533467800606,.44535311403509
10,mat,.468647717091706,.227455605924708,.227455605924708,0,49,264,4,.267982643280786,19.3288808955857,.45812430091622
10,mat,.549873876953939,.23497095510837,.23497095510837,0,50,264,4,.431582382015351,18.1122179520507,.473261162797066
10,mat,.63690312102917,.243964432989504,.243964432989504,0,51,264,4,.606870264849199,16.8014578847902,.491375162451416
10,mat,.731181444087179,.254866589431957,.254866589431957,0,52,264,4,.796758707769358,15.3948047538247,.513333481651212
10,mat,.834798221017133,.268342713104501,.268342713104501,0,53,266,4,1.00545597553395,13.8873821703618,.540476095751426
10,mat,.950768284537684,.285487618540793,.285487618540793,0,54,266,4,1.23903432178561,12.2694598643542,.575008099415808
10,mat,1.08393388813916,.308295083097479,.308295083097479,0,55,268,4,1.50724665626729,10.5212369932268,.620945211905186
10,mat,1.24257985872319,.340717576187525,.340717576187525,0,56,268,4,1.82677966611117,8.61412014670873,.68624820551773
10,mat,1.44308753132829,.391723477571427,.391723477571427,0,57,270,4,2.23062742781882,6.51689610416742,.788980529124811
10,mat,1.72485929858164,.486659608682629,.486659608682629,0,58,272,4,2.79815133370838,4.22230299043145,.98019388049592
10,mat,2.22906024831281,.740808433207198,.740808433207198,0,59,274,4,3.81367568923184,1.82216694795023,1.49208169302378
10,mat,3.99999999999992,2.78007475292899,2.78007475292899,0,60,280,4,7.38057188599984,.129385930216275,5.59942146733467
